Example;Defect Axiom;option3;user;option3_better;user_better
ore_ont_8937.owl;SubClassOf(<http://www.absoluteiri.edu/RELAPPROXC20> <http://www.absoluteiri.edu/RELAPPROXC41>);0.0;0.0;0;0
ore_ont_8937.owl;SubClassOf(<http://www.absoluteiri.edu/RELAPPROXC45> <http://www.absoluteiri.edu/RELAPPROXC41>);0.0;0.0;0;0
ore_ont_8937.owl;SubClassOf(<http://www.absoluteiri.edu/RELAPPROXC21> <http://www.absoluteiri.edu/RELAPPROXC43>);0.0;0.0;0;0
ore_ont_8937.owl;SubClassOf(<http://a.com/ontology#ReifiedRelationshipClass> <http://www.absoluteiri.edu/RELAPPROXC43>);0.0;0.0;0;0
ore_ont_8937.owl;SubClassOf(<http://www.absoluteiri.edu/RELAPPROXC21> <http://www.absoluteiri.edu/RELAPPROXC23>);0.0;0.0;0;0
ore_ont_8937.owl;SubClassOf(<http://www.absoluteiri.edu/RELAPPROXC21> <http://www.absoluteiri.edu/RELAPPROXC25>);0.0;0.0;0;0
ore_ont_1420.owl;SubClassOf(<http://purl.org/mets/onts/2010/12/gml.owl#Point> <http://www.w3.org/2005/Incubator/geo/XGR-geo/W3C_XGR_Geo_files/geo_2007.owl#_Geometry>);-0.5000000000000021;-0.5000000000000021;0;0
ore_ont_1420.owl;SubClassOf(<http://www.absoluteiri.edu/RELAPPROXC47RELAPPROXQ2> <http://www.absoluteiri.edu/RELAPPROXC64>);0.0;0.0;0;0
ore_ont_1420.owl;SubClassOf(<http://purl.org/mets/onts/2010/12/gml.owl#_Feature> <http://www.absoluteiri.edu/RELAPPROXC64>);0.0;0.0;0;0
ore_ont_13429.owl;SubClassOf(<http://www.cidoc-crm.org/cidoc-crm/E7_Activity> <http://www.cidoc-crm.org/cidoc-crm/E1_CRM_Entity>);0.4999999999999994;0.4999999999999994;0;0
ore_ont_9854.owl;SubClassOf(<http://www.owl-ontologies.com/unnamed.owl#Conforto> <http://www.owl-ontologies.com/unnamed.owl#Exito_relevante>);-0.8164965809277256;1.2247448713915896;1;0
ore_ont_9854.owl;SubClassOf(<http://www.owl-ontologies.com/unnamed.owl#Exito_relevante> <http://www.owl-ontologies.com/unnamed.owl#Satisfeito_Insatisfeito>);-0.8164965809277271;1.224744871391588;1;0
ore_ont_9854.owl;SubClassOf(<http://www.owl-ontologies.com/unnamed.owl#Conforto> <http://www.owl-ontologies.com/unnamed.owl#Categorias_de_emoções>);0.0;0.0;0;0
ore_ont_3909.owl;SubClassOf(<file:/media/owl/Seagate%20Expansion%20Drive/mowlcorp_rep/mowlcorp_2014.10.07_orig/files/F18_Serial_Work> <file:/media/owl/Seagate%20Expansion%20Drive/mowlcorp_rep/mowlcorp_2014.10.07_orig/files/F16_Container_Work>);-0.4999999999999881;-0.4999999999999881;0;0
ore_ont_2036.owl;SubClassOf(<http://www.owl-ontologies.com/Ontology1324330201.owl#Artifact> <http://www.owl-ontologies.com/Ontology1324330201.owl#CommonCoreObject>);-0.4999999999999595;2.000000000000041;1;0
ore_ont_2036.owl;SubClassOf(<http://www.owl-ontologies.com/Ontology1324330201.owl#Form> <http://www.owl-ontologies.com/Ontology1324330201.owl#CommonCoreObject>);0.0;0.0;0;0
ore_ont_508.owl;SubClassOf(<http://www.owl-ontologies.com/Ontology1324330201.owl#Artifact> <http://www.owl-ontologies.com/Ontology1324330201.owl#CommonCoreObject>);0.0;0.0;0;0
ore_ont_508.owl;SubClassOf(<http://www.owl-ontologies.com/Ontology1324330201.owl#Form> <http://www.owl-ontologies.com/Ontology1324330201.owl#CommonCoreObject>);0.0;0.0;0;0
ore_ont_7270.owl;SubClassOf(<http://www.lia.deis.unibo.it/research/MIDAS/Ontologies/ZefiroRequest.owl#ExampleCapability> <http://www.lia.deis.unibo.it/research/MIDAS/Ontologies/MIDAS_Profile.owl#Capability>);0.0;0.0;0;0
ore_ont_7270.owl;SubClassOf(<http://www.lia.deis.unibo.it/research/MIDAS/Ontologies/MIDAS_Request.owl#Request_Profile> <http://www.lia.deis.unibo.it/research/MIDAS/Ontologies/MIDAS_Profile.owl#Profile>);0.0;0.0;0;0
ore_ont_13643.owl;SubClassOf(<http://www.bioassayontology.org/bao#BAO_0002374> <http://www.bioassayontology.org/bao#BAO_0002094>);-1.4089741935386315;1.7266042140473428;1;0
ore_ont_13643.owl;SubClassOf(<http://www.bioassayontology.org/bao#BAO_0002297> <http://www.bioassayontology.org/bao#BAO_0002282>);-0.8164965809277263;1.2247448713915887;1;0
ore_ont_13643.owl;SubClassOf(<http://www.bioassayontology.org/bao#BAO_0002272> <http://www.bioassayontology.org/bao#BAO_0002248>);0.4999999999999995;0.4999999999999995;0;0
ore_ont_6735.owl;SubClassOf(<http://purl.obolibrary.org/obo/sep_00160> <http://purl.obolibrary.org/obo/sep_00101>);-0.4999999999999997;-0.4999999999999997;0;0
ore_ont_6735.owl;SubClassOf(<http://purl.obolibrary.org/obo/sep_00030> <http://purl.obolibrary.org/obo/sep_00004>);-0.3002412364318581;-1.0199976251383662;0;1
ore_ont_6735.owl;SubClassOf(<http://purl.obolibrary.org/obo/sep_00118> <http://purl.obolibrary.org/obo/sep_00076>);0.4999999999999998;0.4999999999999998;0;0
ore_ont_3082.owl;SubClassOf(<http://ontology.dumontierlab.com/biological-measure-primitive-1.0.owl#MontgomeryAsbergDepressionRating> <http://ontology.dumontierlab.com/biological-measure-primitive-1.0.owl#DepressionMeasure>);-0.4999999999999996;-0.4999999999999996;0;0
ore_ont_3082.owl;SubClassOf(<http://ontology.dumontierlab.com/biological-measure-primitive-1.0.owl#RemissionFrequency> <http://ontology.dumontierlab.com/biological-measure-primitive-1.0.owl#ClinicalOutcomeMeasure>);-0.4999999999999994;-0.4999999999999994;0;0
ore_ont_3463.owl;SubClassOf(<https://raw.github.com/ontohub/OOR_Ontohub_API/master/Domain_Fields_Core.owl#Business_and_administration> <https://raw.github.com/ontohub/OOR_Ontohub_API/master/Domain_Fields_Core.owl#Domain_Field>);-0.8164965809277264;1.2247448713915887;1;0
ore_ont_5090.owl;SubClassOf(<http://purl.obolibrary.org/obo/XEO_00050> <http://purl.obolibrary.org/obo/XEO_00004>);0.8164965809277273;-1.2247448713915878;0;1
ore_ont_5090.owl;SubClassOf(<http://purl.obolibrary.org/obo/XEO_00135> <http://purl.obolibrary.org/obo/XEO_00002>);0.816496580927727;-1.2247448713915878;0;1
ore_ont_2876.owl;SubClassOf(<file:/media/owl/Seagate%20Expansion%20Drive/mowlcorp_rep/mowlcorp_2014.10.07_orig/files/15142ae8-c9b2-4e1a-ac58-284d3db0504a_CIDOC1.rdf#E7.Activity> <file:/media/owl/Seagate%20Expansion%20Drive/mowlcorp_rep/mowlcorp_2014.10.07_orig/files/15142ae8-c9b2-4e1a-ac58-284d3db0504a_CIDOC1.rdf#E1.CRM_Entity>);-0.8164965809277234;1.2247448713915916;1;0
ore_ont_15145.owl;SubClassOf(<file:/media/owl/Seagate%20Expansion%20Drive/mowlcorp_rep/mowlcorp_2014.10.07_orig/files/75a65645-51c9-4fe9-9f71-443fde726c1a__v5.0.1__.rdfs#E7_> <file:/media/owl/Seagate%20Expansion%20Drive/mowlcorp_rep/mowlcorp_2014.10.07_orig/files/75a65645-51c9-4fe9-9f71-443fde726c1a__v5.0.1__.rdfs#E1_>);-0.7287544511179894;1.5204876819622284;1;0
ore_ont_15576.owl;SubClassOf(<http://purl.obolibrary.org/obo/APO_0000102> <http://purl.obolibrary.org/obo/APO_0000096>);0.5000000000000002;0.5000000000000002;0;0
ore_ont_11522.owl;SubClassOf(<http://www.opentox.org/api/1.1#ClassValueStatistics> <http://www.opentox.org/api/1.1#Validation>);0.8164965809277132;-1.2247448713916018;0;1
ore_ont_11522.owl;SubClassOf(<http://www.opentox.org/api/1.1#ClassValueStatistics> <http://www.opentox.org/api/1.1#OpentoxResource>);0.816496580927494;-1.2247448713918212;0;1
ore_ont_11522.owl;SubClassOf(<http://www.opentox.org/api/1.1#Identifier> <http://www.opentox.org/api/1.1#Feature>);0.4999999999999747;0.4999999999999747;0;0
ore_ont_5742.owl;SubClassOf(<file:/media/owl/Seagate%20Expansion%20Drive/mowlcorp_rep/mowlcorp_2014.10.07_orig/files/c6907ef3-a626-4b34-a474-15a4563b7f29_ish_label.rdfs#E7.Activity> <file:/media/owl/Seagate%20Expansion%20Drive/mowlcorp_rep/mowlcorp_2014.10.07_orig/files/c6907ef3-a626-4b34-a474-15a4563b7f29_ish_label.rdfs#E1.CRM_Entity>);2.000000000000001;-0.4999999999999994;0;1
ore_ont_5089.owl;SubClassOf(<http://www.sensocomune.org/ontologies/SensoComune.owl#Continuant> <http://www.sensocomune.org/ontologies/SensoComune.owl#Entity>);-0.499999999999992;2.000000000000008;1;0
ore_ont_5089.owl;SubClassOf(<http://www.absoluteiri.edu/RELAPPROXC113> <http://www.sensocomune.org/ontologies/SensoComune.owl#Action>);0.0;0.0;0;0
ore_ont_5089.owl;SubClassOf(<http://www.absoluteiri.edu/RELAPPROXC118> <http://www.sensocomune.org/ontologies/SensoComune.owl#Quale>);0.8164965809277405;-1.2247448713915745;0;1
ore_ont_5089.owl;SubClassOf(<http://www.sensocomune.org/ontologies/SensoComune.owl#Process> <http://www.sensocomune.org/ontologies/SensoComune.owl#Occurrent>);0.5000000000000172;-1.999999999999983;0;1
ore_ont_11497.owl;SubClassOf(<http://purl.obolibrary.org/obo/XAO_1000002> <http://purl.obolibrary.org/obo/XAO_1000000>);0.7892194133483628;-0.7785542861409516;0;1
ore_ont_11497.owl;SubClassOf(<http://purl.obolibrary.org/obo/XAO_1000001> <http://purl.obolibrary.org/obo/XAO_1000000>);0.5000000000000003;0.5000000000000003;0;0
ore_ont_11497.owl;SubClassOf(<http://purl.obolibrary.org/obo/XAO_1000006> <http://purl.obolibrary.org/obo/XAO_1000000>);0.8164965809277257;-1.2247448713915894;0;1
ore_ont_11497.owl;SubClassOf(<http://purl.obolibrary.org/obo/XAO_1000089> <http://purl.obolibrary.org/obo/XAO_1000000>);0.8164965809277267;-1.2247448713915885;0;1
ore_ont_11497.owl;SubClassOf(<http://purl.obolibrary.org/obo/XAO_1000005> <http://purl.obolibrary.org/obo/XAO_1000000>);0.5000000000000003;0.5000000000000003;0;0
ore_ont_11497.owl;SubClassOf(<http://purl.obolibrary.org/obo/XAO_1000004> <http://purl.obolibrary.org/obo/XAO_1000000>);0.8164965809277259;-1.2247448713915894;0;1
ore_ont_11497.owl;SubClassOf(<http://purl.obolibrary.org/obo/XAO_1000080> <http://purl.obolibrary.org/obo/XAO_1000000>);1.8248869431045085;0.3361960309866225;0;1
ore_ont_11497.owl;SubClassOf(<http://purl.obolibrary.org/obo/XAO_1000091> <http://purl.obolibrary.org/obo/XAO_1000000>);0.4223011106418129;0.7197784123370102;1;0
ore_ont_16626.owl;SubClassOf(<http://purl.obolibrary.org/obo/PO_0007600> <http://purl.obolibrary.org/obo/PO_0009012>);0.7668484014437448;-0.6073285585369004;0;1
ore_ont_11639.owl;SubClassOf(<http://cbmi.med.harvard.edu/asdphenotype#Class_517> <http://cbmi.med.harvard.edu/asdphenotype#Class_365>);0.8164965809277256;-1.2247448713915896;0;1
ore_ont_2753.owl;SubClassOf(<http://purl.obolibrary.org/obo/AEO_0001008> <http://purl.obolibrary.org/obo/CARO_0000066>);0.4999999999999945;0.4999999999999945;0;0
ore_ont_2753.owl;SubClassOf(<http://purl.obolibrary.org/obo/CL_0000071> <http://purl.obolibrary.org/obo/CL_0000066>);-0.8164965809277251;1.2247448713915898;1;0
ore_ont_2753.owl;SubClassOf(<http://purl.obolibrary.org/obo/AEO_0000168> <http://purl.obolibrary.org/obo/CARO_0000003>);-0.8164965809277261;1.224744871391589;1;0
ore_ont_2753.owl;SubClassOf(<http://purl.obolibrary.org/obo/AEO_0000083> <http://purl.obolibrary.org/obo/CARO_0000055>);0.8164965809277269;-1.2247448713915885;0;1
ore_ont_2753.owl;SubClassOf(<http://purl.obolibrary.org/obo/AEO_0000148> <http://purl.obolibrary.org/obo/AEO_0000125>);0.8164965809277087;-1.2247448713916065;0;1
ore_ont_13053.owl;SubClassOf(<http://purl.obolibrary.org/obo/VariO_0180> <http://purl.obolibrary.org/obo/VariO_0155>);-0.8164965809277251;1.22474487139159;1;0
ore_ont_13053.owl;SubClassOf(<http://purl.obolibrary.org/obo/VariO_0089> <http://purl.obolibrary.org/obo/VariO_0070>);-0.8164965809277263;1.2247448713915887;1;0
ore_ont_13053.owl;SubClassOf(<http://purl.obolibrary.org/obo/VariO_0344> <http://purl.obolibrary.org/obo/VariO_0298>);-0.8164965809277259;1.2247448713915892;1;0
ore_ont_11010.owl;SubClassOf(<http://purl.obolibrary.org/obo/AEO_0001008> <http://purl.obolibrary.org/obo/CARO_0000066>);0.4999999999999945;0.4999999999999945;0;0
ore_ont_11010.owl;SubClassOf(<http://purl.obolibrary.org/obo/AEO_0000168> <http://purl.obolibrary.org/obo/CARO_0000003>);-0.816496580927726;1.2247448713915892;1;0
ore_ont_11010.owl;SubClassOf(<http://purl.obolibrary.org/obo/CL_0000327> <http://purl.obolibrary.org/obo/CL_0002320>);-0.816496580927728;1.2247448713915872;1;0
ore_ont_11010.owl;SubClassOf(<http://purl.obolibrary.org/obo/AEO_0000083> <http://purl.obolibrary.org/obo/CARO_0000055>);0.8164965809277269;-1.2247448713915885;0;1
ore_ont_11010.owl;SubClassOf(<http://purl.obolibrary.org/obo/AEO_0000148> <http://purl.obolibrary.org/obo/AEO_0000125>);0.816496580927736;-1.224744871391579;0;1
ore_ont_7576.owl;SubClassOf(<http://purl.obolibrary.org/obo/SP_0000353> <http://purl.obolibrary.org/obo/SP_0000012>);0.5000000000000008;0.5000000000000008;0;0
ore_ont_14518.owl;SubClassOf(<http://purl.obolibrary.org/obo/DDANAT_0000016> <http://purl.obolibrary.org/obo/DDANAT_0010085>);-0.5000000000000003;-0.5000000000000003;0;0
ore_ont_14518.owl;SubClassOf(<http://purl.obolibrary.org/obo/DDANAT_0000041> <http://purl.obolibrary.org/obo/DDANAT_0010085>);-0.8164965809277246;1.2247448713915905;1;0
ore_ont_14518.owl;SubClassOf(<http://purl.obolibrary.org/obo/DDANAT_0000004> <http://purl.obolibrary.org/obo/DDANAT_0010001>);-0.8164965809277341;1.2247448713915812;1;0
ore_ont_10516.owl;SubClassOf(<http://purl.obolibrary.org/obo/OPL_0000027> <http://purl.obolibrary.org/obo/CARO_0000003>);0.8164965809277274;-1.2247448713915878;0;1
ore_ont_10516.owl;SubClassOf(<http://purl.obolibrary.org/obo/OPL_0000171> <http://purl.obolibrary.org/obo/snap#_Role>);0.8164965809276873;-1.2247448713916276;0;1
ore_ont_10516.owl;SubClassOf(<http://purl.obolibrary.org/obo/OPL_0000032> <http://purl.obolibrary.org/obo/CARO_0000003>);-0.500000000000001;-0.500000000000001;0;0
ore_ont_13301.owl;SubClassOf(<http://purl.obolibrary.org/obo/NCBITaxon_7372> <http://purl.obolibrary.org/obo/NCBITaxon_7371>);-0.8164965809277286;1.2247448713915867;1;0
ore_ont_13301.owl;SubClassOf(<http://purl.obolibrary.org/obo/NCBITaxon_435434> <http://purl.obolibrary.org/obo/NCBITaxon_10114>);-0.8164965809277246;1.2247448713915905;1;0
ore_ont_15068.owl;SubClassOf(<http://biomanta.sourceforge.net/2007/10/ncbi_taxo.owl#ncbi_taxo_10090> <http://biomanta.sourceforge.net/2007/10/ncbi_taxo.owl#ncbi_taxo_2759>);0.8164965809277261;-1.224744871391589;0;1
ore_ont_3418.owl;SubClassOf(<http://purl.obolibrary.org/obo/PI_00041> <http://purl.obolibrary.org/obo/PI_00302>);0.8164965809277259;-1.224744871391589;0;1
ore_ont_3418.owl;SubClassOf(<http://purl.obolibrary.org/obo/PI_00284> <http://purl.obolibrary.org/obo/PI_00011>);-0.5000000000000007;-0.5000000000000007;0;0
ore_ont_4382.owl;SubClassOf(<http://purl.obolibrary.org/obo/phi_0000263> <http://purl.obolibrary.org/obo/phi_0000191>);0.8164965809277158;-1.2247448713915994;0;1
ore_ont_4382.owl;SubClassOf(<http://purl.obolibrary.org/obo/phi_0000188> <http://purl.obolibrary.org/obo/phi_0000262>);0.5000000000000026;0.5000000000000026;0;0
ore_ont_4382.owl;SubClassOf(<http://purl.obolibrary.org/obo/phi_0000081> <http://purl.obolibrary.org/obo/phi_0000061>);0.499999999999994;0.499999999999994;0;0
ore_ont_4382.owl;SubClassOf(<http://purl.obolibrary.org/obo/phi_0000235> <http://purl.obolibrary.org/obo/phi_0000172>);-0.8164965809277122;1.2247448713916027;1;0
ore_ont_13234.owl;SubClassOf(<http://purl.obolibrary.org/obo/EO_0007154> <http://purl.obolibrary.org/obo/EO_0007316>);0.8164965809277256;-1.2247448713915894;0;1
ore_ont_13234.owl;SubClassOf(<http://purl.obolibrary.org/obo/EO_0007221> <http://purl.obolibrary.org/obo/EO_0007154>);-0.4999999999999998;-0.4999999999999998;0;0
ore_ont_16730.owl;SubClassOf(<http://purl.obolibrary.org/obo/MMO_0000037> <http://purl.obolibrary.org/obo/MMO_0000030>);-0.816496580927726;1.224744871391589;1;0
ore_ont_16730.owl;SubClassOf(<http://purl.obolibrary.org/obo/MMO_0000030> <http://purl.obolibrary.org/obo/MMO_0000027>);-0.8164965809277256;1.2247448713915894;1;0
ore_ont_16730.owl;SubClassOf(<http://purl.obolibrary.org/obo/MMO_0000181> <http://purl.obolibrary.org/obo/MMO_0000147>);-0.8164965809277259;1.2247448713915894;1;0
ore_ont_11504.owl;SubClassOf(<http://www.semanticweb.org/vanessa/ontologies/2012/7/untitled-ontology-33#Physical_Care> <http://www.semanticweb.org/vanessa/ontologies/2012/7/untitled-ontology-33#Coordination_Focus>);0.5000000000000021;0.5000000000000021;0;0
ore_ont_11504.owl;SubClassOf(<http://www.semanticweb.org/vanessa/ontologies/2012/7/untitled-ontology-33#Medical_Devices> <http://www.semanticweb.org/vanessa/ontologies/2012/7/untitled-ontology-33#Services>);-0.6386435496084063;1.943106970085152;1;0
ore_ont_11504.owl;SubClassOf(<http://www.semanticweb.org/vanessa/ontologies/2012/7/untitled-ontology-33#Laboratory_Tests> <http://www.semanticweb.org/vanessa/ontologies/2012/7/untitled-ontology-33#Physical_Care>);-0.8164965809277257;1.2247448713915894;1;0
ore_ont_637.owl;SubClassOf(<http://purl.obolibrary.org/obo/GO_0005634> <http://purl.obolibrary.org/obo/GO_0044464>);-2.0000000000000053;0.4999999999999949;1;0
ore_ont_637.owl;SubClassOf(<http://purl.obolibrary.org/obo/GO_0006259> <http://purl.obolibrary.org/obo/GO_0044237>);0.5000000000000034;0.5000000000000034;0;0
ore_ont_637.owl;SubClassOf(<http://purl.obolibrary.org/obo/GO_0005622> <http://purl.obolibrary.org/obo/GO_0005575>);0.4999999999999981;0.4999999999999981;0;0
ore_ont_637.owl;SubClassOf(<http://purl.obolibrary.org/obo/GO_0031406> <http://purl.obolibrary.org/obo/GO_0005488>);0.500000000000002;0.500000000000002;0;0
ore_ont_2713.owl;SubClassOf(<file:/media/owl/Seagate%20Expansion%20Drive/mowlcorp_rep/mowlcorp_2014.10.07_orig/files/87d0a399-d147-45f0-8680-92eb7f975195_ka.owl#AcademicStaff> <file:/media/owl/Seagate%20Expansion%20Drive/mowlcorp_rep/mowlcorp_2014.10.07_orig/files/87d0a399-d147-45f0-8680-92eb7f975195_ka.owl#Person>);-0.8164965809277486;1.2247448713915663;1;0
ore_ont_14901.owl;SubClassOf(<http://purl.obolibrary.org/obo/MPATH_474> <http://purl.obolibrary.org/obo/MPATH_56>);0.4999999999999995;0.4999999999999995;0;0
ore_ont_14901.owl;SubClassOf(<http://purl.obolibrary.org/obo/MPATH_270> <http://purl.obolibrary.org/obo/MPATH_218>);-0.6960856724251552;1.870562270300804;1;0
ore_ont_3349.owl;SubClassOf(<http://purl.obolibrary.org/obo/PORO_0000017> <http://purl.obolibrary.org/obo/CARO_0000003>);0.816496580927725;-1.2247448713915905;0;1
ore_ont_4671.owl;SubClassOf(<http://purl.obolibrary.org/obo/SPD_0000020> <http://purl.obolibrary.org/obo/SPD_0000331>);0.8164965809277067;-1.2247448713916085;0;1
ore_ont_12831.owl;SubClassOf(<http://www.text2onto.org/ontology#peptide_hormone_secreting_cell> <http://www.text2onto.org/ontology#secretory_cell>);0.8164965809277248;-1.2247448713915898;0;1
ore_ont_12831.owl;SubClassOf(<http://www.text2onto.org/ontology#macrophage> <http://www.text2onto.org/ontology#stuff_accumulating_cell>);-0.4161198597818999;1.9845716389598944;1;0
ore_ont_12831.owl;SubClassOf(<http://www.text2onto.org/ontology#myeloid_progenitor_cell> <http://www.text2onto.org/ontology#non-terminally_differentiated_cell>);-0.8164965809277284;1.224744871391587;1;0
ore_ont_12831.owl;SubClassOf(<http://www.text2onto.org/ontology#peptide_hormone_secreting_cell> <http://www.text2onto.org/ontology#animal_cell>);-0.4999999999999981;2.0000000000000018;1;0
ore_ont_7220.owl;SubClassOf(<http://purl.obolibrary.org/obo/TO_0000401> <http://purl.obolibrary.org/obo/TO_0000168>);0.8164965809277251;-1.22474487139159;0;1
ore_ont_16821.owl;SubClassOf(<http://cbo.biocomplexity.indiana.edu/svn/cbo/trunk/CBO_1_0.owl#KineticProperty> <http://cbo.biocomplexity.indiana.edu/svn/cbo/trunk/CBO_1_0.owl#CBO_Object>);0.8164965809278166;-1.2247448713914986;0;1
ore_ont_16821.owl;SubClassOf(<http://cbo.biocomplexity.indiana.edu/svn/cbo/trunk/CBO_1_0.owl#GeometricalProperty> <http://cbo.biocomplexity.indiana.edu/svn/cbo/trunk/CBO_1_0.owl#CBO_Object>);0.5;0.5;0;0
ore_ont_16821.owl;SubClassOf(<http://cbo.biocomplexity.indiana.edu/svn/cbo/trunk/CBO_1_0.owl#Energy> <http://cbo.biocomplexity.indiana.edu/svn/cbo/trunk/CBO_1_0.owl#CBO_Object>);0.816496580927679;-1.224744871391636;0;1
ore_ont_4400.owl;SubClassOf(<http://www.aiai.ed.ac.uk/resources/go/cell.owl#CL.0000510> <http://www.aiai.ed.ac.uk/resources/go/cell.owl#CL.0000075>);0.8164965809277259;-1.224744871391589;0;1
ore_ont_4400.owl;SubClassOf(<http://www.aiai.ed.ac.uk/resources/go/cell.owl#CL.0000152> <http://www.aiai.ed.ac.uk/resources/go/cell.owl#CL.0000144>);-0.5000000000000006;2.0;1;0
ore_ont_15397.owl;SubClassOf(<http://ccdb.ucsd.edu/NIF/NIF-Subcellular2.owl#sao1911631652> <http://ccdb.ucsd.edu/NIF/NIF-Subcellular2.owl#sao1784069613>);0.5000000000000264;0.5000000000000264;0;0
ore_ont_15397.owl;SubClassOf(<http://ccdb.ucsd.edu/NIF/NIF-Subcellular2.owl#sao1615953555> <http://ccdb.ucsd.edu/NIF/NIF-Subcellular2.owl#sao628508602>);0.4999999999997473;0.4999999999997473;0;0
ore_ont_15397.owl;SubClassOf(<http://ccdb.ucsd.edu/NIF/NIF-Subcellular2.owl#sao1362520468> <http://ccdb.ucsd.edu/NIF/NIF-Subcellular2.owl#sao221389602>);-0.8164965809281545;1.2247448713911606;1;0
ore_ont_1473.owl;SubClassOf(<http://purl.obolibrary.org/obo/DIS_2322> <http://purl.obolibrary.org/obo/DIS_0298>);0.4999999999999995;0.4999999999999995;0;0
ore_ont_1473.owl;SubClassOf(<http://purl.obolibrary.org/obo/DIS_1613> <http://purl.obolibrary.org/obo/DIS_1246>);-0.1425892420582042;1.7707255876003505;1;0
ore_ont_8135.owl;SubClassOf(<http://www.ebi.ac.uk/efo/swo/SWO_0000182> <http://purl.obolibrary.org/obo/IAO_0000010>);-0.5000000000000004;-0.5000000000000004;0;0
ore_ont_8135.owl;SubClassOf(<http://www.ebi.ac.uk/efo/swo/SWO_0000415> <http://purl.obolibrary.org/obo/IAO_0000030>);-0.4999999999999975;-0.4999999999999975;0;0
ore_ont_11014.owl;SubClassOf(<http://purl.obolibrary.org/obo/MS_1001041> <http://purl.obolibrary.org/obo/MS_1001302>);0.5;0.5;0;0
ore_ont_13578.owl;SubClassOf(<http://purl.obolibrary.org/obo/VHOG_0000726> <http://purl.obolibrary.org/obo/VHOG_0001725>);0.4999999999999743;0.4999999999999743;0;0
ore_ont_13578.owl;SubClassOf(<http://purl.obolibrary.org/obo/VHOG_0000725> <http://purl.obolibrary.org/obo/VHOG_0001725>);0.5000000000001027;0.5000000000001027;0;0
ore_ont_13578.owl;SubClassOf(<http://purl.obolibrary.org/obo/VHOG_0000319> <http://purl.obolibrary.org/obo/VHOG_0001757>);-0.8164965809278563;1.2247448713914586;1;0
ore_ont_3635.owl;SubClassOf(<http://purl.obolibrary.org/obo/HAO_0000234> <http://purl.obolibrary.org/obo/HAO_0000003>);-0.816496580927726;1.224744871391589;1;0
ore_ont_3635.owl;SubClassOf(<http://purl.obolibrary.org/obo/HAO_0000505> <http://purl.obolibrary.org/obo/HAO_0000003>);-0.7941455190596255;0.8237970562972415;1;0
ore_ont_3635.owl;SubClassOf(<http://purl.obolibrary.org/obo/HAO_0000853> <http://purl.obolibrary.org/obo/HAO_0000003>);0.8164965809277257;-1.2247448713915894;0;1
ore_ont_3635.owl;SubClassOf(<http://purl.obolibrary.org/obo/HAO_0000853> <http://purl.obolibrary.org/obo/HAO_0000041>);0.816496580927726;-1.2247448713915892;0;1
ore_ont_725.owl;SubClassOf(<http://purl.obolibrary.org/obo/MI_0212> <http://purl.obolibrary.org/obo/MI_0414>);-0.816496580927726;1.224744871391589;1;0
ore_ont_15950.owl;SubClassOf(<http://purl.obolibrary.org/obo/WBPhenotype_0001344> <http://purl.obolibrary.org/obo/WBPhenotype_0000533>);-0.4999999999999974;-0.4999999999999974;0;0
ore_ont_15950.owl;SubClassOf(<http://purl.obolibrary.org/obo/WBPhenotype_0001438> <http://purl.obolibrary.org/obo/WBPhenotype_0000525>);0.4577802619601932;0.6225811562658655;1;0
ore_ont_15950.owl;SubClassOf(<http://purl.obolibrary.org/obo/WBPhenotype_0001102> <http://purl.obolibrary.org/obo/WBPhenotype_0001100>);0.8164965809277335;-1.2247448713915816;0;1
ore_ont_15950.owl;SubClassOf(<http://purl.obolibrary.org/obo/WBPhenotype_0001100> <http://purl.obolibrary.org/obo/WBPhenotype_0000749>);0.5000000000000033;0.5000000000000033;0;0
ore_ont_15950.owl;SubClassOf(<http://purl.obolibrary.org/obo/WBPhenotype_0000825> <http://purl.obolibrary.org/obo/WBPhenotype_0000529>);0.5000000000000039;0.5000000000000039;0;0
ore_ont_12397.owl;SubClassOf(<http://purl.obolibrary.org/obo/CMO_0000230> <http://purl.obolibrary.org/obo/CMO_0000000>);0.760380774493458;-0.564525120457266;0;1
ore_ont_12397.owl;SubClassOf(<http://purl.obolibrary.org/obo/CMO_0000758> <http://purl.obolibrary.org/obo/CMO_0000256>);-0.7461724874533655;1.7612087456895222;1;0
ore_ont_12397.owl;SubClassOf(<http://purl.obolibrary.org/obo/CMO_0000927> <http://purl.obolibrary.org/obo/CMO_0000926>);0.0;0.0;0;0
ore_ont_12397.owl;SubClassOf(<http://purl.obolibrary.org/obo/CMO_0000110> <http://purl.obolibrary.org/obo/CMO_0000227>);-0.7430508561371983;-0.7430508561371983;0;0
ore_ont_12397.owl;SubClassOf(<http://purl.obolibrary.org/obo/CMO_0000951> <http://purl.obolibrary.org/obo/CMO_0000068>);0.5000000000000002;0.5000000000000002;0;0
ore_ont_12397.owl;SubClassOf(<http://purl.obolibrary.org/obo/CMO_0000230> <http://purl.obolibrary.org/obo/CMO_0000669>);-0.5;2.0;1;0
ore_ont_412.owl;SubClassOf(<http://purl.org/biotop/biotop.owl#Population> <http://www.absoluteiri.edu/RELAPPROXC443>);-0.6740938478605603;-0.6740938478605603;0;0
ore_ont_412.owl;SubClassOf(<http://purl.org/biotop/biotop.owl#Population> <http://purl.org/biotop/biotop.owl#MaterialEntity>);-0.2069344638869838;1.8399172984670675;1;0
ore_ont_412.owl;SubClassOf(<http://purl.org/biotop/biotop.owl#TaxonQuality> <http://www.absoluteiri.edu/RELAPPROXC409>);-0.8164965809279117;1.2247448713914035;1;0
ore_ont_412.owl;SubClassOf(<http://purl.org/biotop/biotop.owl#BacterialCell> <http://purl.org/biotop/biotop.owl#Cell>);0.8164965809277772;-1.224744871391538;0;1
ore_ont_412.owl;SubClassOf(<http://purl.org/biotop/biotop.owl#SubmolecularGroup> <http://purl.org/biotop/biotop.owl#MonoMolecularEntity>);-0.8164965809278745;1.2247448713914404;1;0
ore_ont_412.owl;SubClassOf(<http://purl.org/biotop/biotop.owl#AnimalIncludingHuman> <http://purl.org/biotop/biotop.owl#Organism>);-0.6585000552014991;0.0529151830076405;1;0
ore_ont_412.owl;SubClassOf(<http://purl.org/biotop/biotop.owl#Organism> <http://purl.org/biotop/biotop.owl#StructuredBiologicalEntity>);0.5000000000106108;0.5000000000106108;0;0
ore_ont_670.owl;SubClassOf(<http://purl.obolibrary.org/obo/WBPhenotype_0001441> <http://purl.obolibrary.org/obo/WBPhenotype_0000525>);0.5000000000000011;0.5000000000000011;0;0
ore_ont_670.owl;SubClassOf(<http://purl.obolibrary.org/obo/WBPhenotype_0000631> <http://purl.obolibrary.org/obo/WBPhenotype_0000577>);0.8164965809277264;-1.2247448713915887;0;1
ore_ont_670.owl;SubClassOf(<http://purl.obolibrary.org/obo/WBPhenotype_0001260> <http://purl.obolibrary.org/obo/WBPhenotype_0000533>);-0.5000000000000001;-0.5000000000000001;0;0
ore_ont_670.owl;SubClassOf(<http://purl.obolibrary.org/obo/WBPhenotype_0001102> <http://purl.obolibrary.org/obo/WBPhenotype_0001100>);0.8164965809277268;-1.2247448713915885;0;1
ore_ont_670.owl;SubClassOf(<http://purl.obolibrary.org/obo/WBPhenotype_0001100> <http://purl.obolibrary.org/obo/WBPhenotype_0000749>);0.4999999999999996;0.4999999999999996;0;0
ore_ont_670.owl;SubClassOf(<http://purl.obolibrary.org/obo/WBPhenotype_0000825> <http://purl.obolibrary.org/obo/WBPhenotype_0000529>);0.5;0.5;0;0
ore_ont_15292.owl;SubClassOf(<http://purl.obolibrary.org/obo/MOD_01453> <http://purl.obolibrary.org/obo/MOD_00906>);0.0;0.0;0;0
ore_ont_5080.owl;SubClassOf(<http://purl.obolibrary.org/obo/PO_0025018> <http://purl.obolibrary.org/obo/PO_0025001>);0.500000000000001;0.500000000000001;0;0
ore_ont_5080.owl;SubClassOf(<http://purl.obolibrary.org/obo/PO_0006016> <http://purl.obolibrary.org/obo/PO_0005679>);0.6557544807998968;0.4458757351669293;0;1
ore_ont_5080.owl;SubClassOf(<http://purl.obolibrary.org/obo/PO_0025128> <http://purl.obolibrary.org/obo/PO_0009013>);-0.4999999999999984;-0.4999999999999984;0;0
ore_ont_5080.owl;SubClassOf(<http://purl.obolibrary.org/obo/PO_0009081> <http://purl.obolibrary.org/obo/PO_0025029>);-0.5000000000000071;1.999999999999993;1;0
ore_ont_9598.owl;SubClassOf(<http://purl.obolibrary.org/obo/AAO_0000137> <http://purl.obolibrary.org/obo/AAO_0000138>);-0.816496580927726;1.224744871391589;1;0
ore_ont_9598.owl;SubClassOf(<http://purl.obolibrary.org/obo/AAO_0000320> <http://purl.obolibrary.org/obo/AAO_0010841>);-0.4999999999999999;-0.4999999999999999;0;0
ore_ont_9598.owl;SubClassOf(<http://purl.obolibrary.org/obo/AAO_0000052> <http://purl.obolibrary.org/obo/AAO_0010009>);-0.4999999999999994;-0.4999999999999994;0;0
ore_ont_2440.owl;SubClassOf(<http://purl.obolibrary.org/obo/TGMA_0000527> <http://purl.obolibrary.org/obo/TGMA_0001823>);0.8164965809278438;-1.224744871391471;0;1
ore_ont_2440.owl;SubClassOf(<http://purl.obolibrary.org/obo/TGMA_0001587> <http://purl.obolibrary.org/obo/TGMA_0000809>);-0.8164965809267978;1.2247448713925173;1;0
ore_ont_2440.owl;SubClassOf(<http://purl.obolibrary.org/obo/TGMA_0000829> <http://purl.obolibrary.org/obo/TGMA_0001363>);0.0;0.0;0;0
ore_ont_8298.owl;SubClassOf(<http://purl.obolibrary.org/obo/IDOMAL_0000258> <http://purl.obolibrary.org/obo/IDOMAL_0000001>);0.816496580927726;-1.2247448713915892;0;1
ore_ont_2377.owl;SubClassOf(<http://purl.obolibrary.org/obo/FYPO_0000443> <http://purl.obolibrary.org/obo/FYPO_0000628>);0.4999999999999889;0.4999999999999889;0;0
ore_ont_3313.owl;SubClassOf(<http://biomanta.sourceforge.net/celltype_instance_edit.owl#epidermal_initial_CL_0000538> <http://biomanta.sourceforge.net/celltype_instance_edit.owl#plant_cell_CL_0000610>);0.8164965809277231;-1.224744871391592;0;1
ore_ont_3313.owl;SubClassOf(<http://biomanta.sourceforge.net/celltype_instance_edit.owl#peptide_hormone_secreting_cell_CL_0000167> <http://biomanta.sourceforge.net/celltype_instance_edit.owl#secretory_cell_CL_0000151>);0.8164965809277273;-1.2247448713915876;0;1
ore_ont_3313.owl;SubClassOf(<http://biomanta.sourceforge.net/celltype_instance_edit.owl#myeloid_progenitor_cell_CL_0000839> <http://biomanta.sourceforge.net/celltype_instance_edit.owl#non_terminally_differentiated_cell_CL_0000055>);-0.8164965809277261;1.2247448713915892;1;0
ore_ont_3313.owl;SubClassOf(<http://biomanta.sourceforge.net/celltype_instance_edit.owl#neuron_CL_0000540> <http://biomanta.sourceforge.net/celltype_instance_edit.owl#animal_cell_CL_0000548>);0.5;0.5;0;0
ore_ont_3313.owl;SubClassOf(<http://biomanta.sourceforge.net/celltype_instance_edit.owl#enterochromaffin_cell_CL_0000504> <http://biomanta.sourceforge.net/celltype_instance_edit.owl#peptide_hormone_secreting_cell_CL_0000167>);0.8164965809277263;-1.2247448713915887;0;1
ore_ont_11619.owl;SubClassOf(<http://purl.obolibrary.org/obo/RS_0002576> <http://purl.obolibrary.org/obo/RS_0000461>);-0.032092064999279;-1.531778948619424;0;1
ore_ont_10742.owl;SubClassOf(<http://purl.obolibrary.org/obo/XAO_0000001> <http://purl.obolibrary.org/obo/XAO_0003040>);0.4999999999999969;0.4999999999999969;0;0
ore_ont_10742.owl;SubClassOf(<http://purl.obolibrary.org/obo/XAO_0000115> <http://purl.obolibrary.org/obo/XAO_0003037>);0.8164965809277273;-1.2247448713915876;0;1
ore_ont_10968.owl;SubClassOf(<http://purl.obolibrary.org/obo/BTO_0000379> <http://purl.obolibrary.org/obo/BTO_0000284>);0.4999999999988631;0.4999999999988631;0;0
ore_ont_9790.owl;SubClassOf(<http://purl.obolibrary.org/obo/DOID_2921> <http://purl.obolibrary.org/obo/DOID_557>);-0.5;-0.5;0;0
ore_ont_1493.owl;SubClassOf(<http://purl.obolibrary.org/obo/FBsp_00001222> <http://purl.obolibrary.org/obo/FBsp_30000101>);-0.8164965809277271;1.2247448713915878;1;0
ore_ont_8641.owl;SubClassOf(<http://purl.org/obo/owl/IEV#IEV_0001479> <http://purl.org/obo/owl/IEV#IEV_0001669>);1.1952286093350406;1.1952286093350406;0;0
ore_ont_4655.owl;SubClassOf(<http://purl.obolibrary.org/obo/MFO_0002980> <http://purl.obolibrary.org/obo/MFO_0001620>);-0.5000000000001541;-0.5000000000001541;0;0
ore_ont_5792.owl;SubClassOf(<http://purl.obolibrary.org/obo/MP_0005118> <http://purl.obolibrary.org/obo/MP_0005418>);-0.5000000000000008;1.9999999999999996;1;0
ore_ont_5792.owl;SubClassOf(<http://purl.obolibrary.org/obo/MP_0002206> <http://purl.obolibrary.org/obo/MP_0003633>);-0.5000000000000002;-0.5000000000000002;0;0
ore_ont_5792.owl;SubClassOf(<http://purl.obolibrary.org/obo/MP_0004175> <http://purl.obolibrary.org/obo/MP_0002106>);0.8164965809277265;-1.2247448713915887;0;1
ore_ont_5792.owl;SubClassOf(<http://purl.obolibrary.org/obo/MP_0005418> <http://purl.obolibrary.org/obo/MP_0001764>);-0.8134892168199606;1.0846522890932808;1;0
ore_ont_5792.owl;SubClassOf(<http://purl.obolibrary.org/obo/MP_0001846> <http://purl.obolibrary.org/obo/MP_0000001>);-0.8164965809277257;1.2247448713915894;1;0
ore_ont_5792.owl;SubClassOf(<http://purl.obolibrary.org/obo/MP_0002703> <http://purl.obolibrary.org/obo/MP_0002135>);0.4999999999999999;0.4999999999999999;0;0
ore_ont_3106.owl;SubClassOf(<http://purl.obolibrary.org/obo/GO_0016274> <http://purl.obolibrary.org/obo/GO_0008757>);-0.5000000000000027;1.999999999999997;1;0
ore_ont_3106.owl;SubClassOf(<http://purl.obolibrary.org/obo/GO_0001664> <http://purl.obolibrary.org/obo/GO_0005515>);0.8164965809277258;-1.2247448713915892;0;1
ore_ont_10389.owl;SubClassOf(<http://purl.obolibrary.org/obo/MP_0002962> <http://purl.obolibrary.org/obo/MP_0009643>);0.8164965809277257;-1.2247448713915892;0;1
ore_ont_10389.owl;SubClassOf(<http://purl.obolibrary.org/obo/MP_0005118> <http://purl.obolibrary.org/obo/MP_0005418>);0.0;0.0;0;0
ore_ont_10389.owl;SubClassOf(<http://purl.obolibrary.org/obo/MP_0009643> <http://purl.obolibrary.org/obo/MP_0000001>);-0.8097763301789156;1.4171085778131032;1;0
ore_ont_10389.owl;SubClassOf(<http://purl.obolibrary.org/obo/MP_0002206> <http://purl.obolibrary.org/obo/MP_0003633>);-0.5;-0.5;0;0
ore_ont_10389.owl;SubClassOf(<http://purl.obolibrary.org/obo/MP_0005563> <http://purl.obolibrary.org/obo/MP_0002447>);-0.4999999999999991;-0.4999999999999991;0;0
ore_ont_10389.owl;SubClassOf(<http://purl.obolibrary.org/obo/MP_0005325> <http://purl.obolibrary.org/obo/MP_0002135>);0.5;0.5;0;0
ore_ont_8329.owl;SubClassOf(<http://purl.obolibrary.org/obo/ZFA_0000005> <http://purl.obolibrary.org/obo/ZFA_0001488>);0.8164965809277339;-1.2247448713915812;0;1
ore_ont_8329.owl;SubClassOf(<http://purl.obolibrary.org/obo/ZFA_0001591> <http://purl.obolibrary.org/obo/ZFA_0001477>);0.8164965809277234;-1.2247448713915918;0;1
ore_ont_12161.owl;SubClassOf(<http://purl.obolibrary.org/obo/MP_0002962> <http://purl.obolibrary.org/obo/MP_0009643>);0.8164965809277265;-1.2247448713915885;0;1
ore_ont_12161.owl;SubClassOf(<http://purl.obolibrary.org/obo/MP_0009643> <http://purl.obolibrary.org/obo/MP_0000001>);-0.816496580927726;1.224744871391589;1;0
ore_ont_12161.owl;SubClassOf(<http://purl.obolibrary.org/obo/MP_0002206> <http://purl.obolibrary.org/obo/MP_0003633>);-0.8164965809277259;1.2247448713915892;1;0
ore_ont_12161.owl;SubClassOf(<http://purl.obolibrary.org/obo/MP_0005563> <http://purl.obolibrary.org/obo/MP_0002447>);-0.4999999999999995;-0.4999999999999995;0;0
ore_ont_12161.owl;SubClassOf(<http://purl.obolibrary.org/obo/MP_0008987> <http://purl.obolibrary.org/obo/MP_0000598>);0.4999999999999987;0.4999999999999987;0;0
ore_ont_12161.owl;SubClassOf(<http://purl.obolibrary.org/obo/MP_0005325> <http://purl.obolibrary.org/obo/MP_0002135>);0.5000000000000002;0.5000000000000002;0;0
ore_ont_6751.owl;SubClassOf(<http://purl.obolibrary.org/obo/MP_0002962> <http://purl.obolibrary.org/obo/MP_0009643>);0.8164965809277265;-1.2247448713915885;0;1
ore_ont_6751.owl;SubClassOf(<http://purl.obolibrary.org/obo/MP_0009643> <http://purl.obolibrary.org/obo/MP_0000001>);-0.7993101791580657;1.5216681360990525;1;0
ore_ont_6751.owl;SubClassOf(<http://purl.obolibrary.org/obo/MP_0002206> <http://purl.obolibrary.org/obo/MP_0003633>);-0.8164965809277258;1.2247448713915894;1;0
ore_ont_6751.owl;SubClassOf(<http://purl.obolibrary.org/obo/MP_0005563> <http://purl.obolibrary.org/obo/MP_0002447>);-0.8164965809277248;1.22474487139159;1;0
ore_ont_6751.owl;SubClassOf(<http://purl.obolibrary.org/obo/MP_0008987> <http://purl.obolibrary.org/obo/MP_0000598>);0.816496580927726;-1.2247448713915894;0;1
ore_ont_6751.owl;SubClassOf(<http://purl.obolibrary.org/obo/MP_0005325> <http://purl.obolibrary.org/obo/MP_0002135>);0.5000000000000003;0.5000000000000003;0;0
ore_ont_11452.owl;SubClassOf(<http://purl.obolibrary.org/obo/MP_0002962> <http://purl.obolibrary.org/obo/MP_0009643>);0.8164965809277265;-1.2247448713915885;0;1
ore_ont_11452.owl;SubClassOf(<http://purl.obolibrary.org/obo/MP_0009643> <http://purl.obolibrary.org/obo/MP_0000001>);-0.7993101791580659;1.5216681360990518;1;0
ore_ont_11452.owl;SubClassOf(<http://purl.obolibrary.org/obo/MP_0002206> <http://purl.obolibrary.org/obo/MP_0003633>);-0.4999999999999998;-0.4999999999999998;0;0
ore_ont_11452.owl;SubClassOf(<http://purl.obolibrary.org/obo/MP_0005563> <http://purl.obolibrary.org/obo/MP_0002447>);-0.8164965809277258;1.2247448713915892;1;0
ore_ont_11452.owl;SubClassOf(<http://purl.obolibrary.org/obo/MP_0008987> <http://purl.obolibrary.org/obo/MP_0000598>);0.4999999999999987;0.4999999999999987;0;0
ore_ont_11452.owl;SubClassOf(<http://purl.obolibrary.org/obo/MP_0005325> <http://purl.obolibrary.org/obo/MP_0002135>);0.5000000000000002;0.5000000000000002;0;0
ore_ont_4732.owl;SubClassOf(<http://purl.obolibrary.org/obo/MP_0002962> <http://purl.obolibrary.org/obo/MP_0009643>);0.8164965809277268;-1.2247448713915885;0;1
ore_ont_4732.owl;SubClassOf(<http://purl.obolibrary.org/obo/MP_0009643> <http://purl.obolibrary.org/obo/MP_0000001>);-0.7890989041481907;0.7774945084989515;1;0
ore_ont_4732.owl;SubClassOf(<http://purl.obolibrary.org/obo/MP_0002206> <http://purl.obolibrary.org/obo/MP_0003633>);-0.4999999999999997;-0.4999999999999997;0;0
ore_ont_4732.owl;SubClassOf(<http://purl.obolibrary.org/obo/MP_0005563> <http://purl.obolibrary.org/obo/MP_0002447>);-0.8164965809277258;1.2247448713915892;1;0
ore_ont_4732.owl;SubClassOf(<http://purl.obolibrary.org/obo/MP_0005325> <http://purl.obolibrary.org/obo/MP_0002135>);0.5000000000000002;0.5000000000000002;0;0
ore_ont_9612.owl;SubClassOf(<http://purl.obolibrary.org/obo/IMR_0000299> <http://purl.obolibrary.org/obo/IMR_0010044>);0.6944272156547106;-1.8732901835451328;0;1
ore_ont_9612.owl;SubClassOf(<http://purl.obolibrary.org/obo/IMR_0000191> <http://purl.obolibrary.org/obo/IMR_0000949>);-0.960285742623498;0.4825631339430898;1;0
ore_ont_6358.owl;SubClassOf(<http://purl.obolibrary.org/obo/HP_0005920> <http://purl.obolibrary.org/obo/HP_0001155>);-0.6491681157375199;0.0147538208122239;1;0
ore_ont_6358.owl;SubClassOf(<http://purl.obolibrary.org/obo/HP_0003355> <http://purl.obolibrary.org/obo/HP_0003110>);0.816496580927726;-1.2247448713915892;0;1
ore_ont_7218.owl;SubClassOf(<http://purl.obolibrary.org/obo/ZFA_0000005> <http://purl.obolibrary.org/obo/ZFA_0001488>);0.5000000000000048;0.5000000000000048;0;0
ore_ont_7218.owl;SubClassOf(<http://purl.obolibrary.org/obo/ZFA_0001591> <http://purl.obolibrary.org/obo/ZFA_0001477>);0.8100248115310145;-1.0163558954755685;0;1
ore_ont_4460.owl;SubClassOf(<http://purl.obolibrary.org/obo/HP_0003355> <http://purl.obolibrary.org/obo/HP_0003110>);0.816496580927726;-1.2247448713915892;0;1
ore_ont_4460.owl;SubClassOf(<http://purl.obolibrary.org/obo/HP_0005918> <http://purl.obolibrary.org/obo/HP_0001155>);-0.8164965809277248;1.2247448713915905;1;0
ore_ont_8492.owl;SubClassOf(<http://purl.obolibrary.org/obo/WBbt_0004708> <http://purl.obolibrary.org/obo/WBbt_0007030>);-0.8164965809276908;1.2247448713916247;1;0
ore_ont_8492.owl;SubClassOf(<http://purl.obolibrary.org/obo/WBbt_0008071> <http://purl.obolibrary.org/obo/WBbt_0008074>);-0.4999999999989455;2.0000000000010547;1;0
ore_ont_8492.owl;SubClassOf(<http://purl.obolibrary.org/obo/WBbt_0005371> <http://purl.obolibrary.org/obo/WBbt_0005135>);-0.816496580927176;1.2247448713921392;1;0
ore_ont_13000.owl;SubClassOf(<http://purl.obolibrary.org/obo/WBbt_0008071> <http://purl.obolibrary.org/obo/WBbt_0008074>);0.0;0.0;0;0
ore_ont_13000.owl;SubClassOf(<http://purl.obolibrary.org/obo/WBbt_0005371> <http://purl.obolibrary.org/obo/WBbt_0005135>);-0.8164965809276135;1.2247448713917015;1;0
ore_ont_13000.owl;SubClassOf(<http://purl.obolibrary.org/obo/WBbt_0007688> <http://purl.obolibrary.org/obo/WBbt_0007030>);-0.5302583954419887;1.9977176758513355;1;0
ore_ont_6198.owl;SubClassOf(<http://purl.obolibrary.org/obo/TO_0000439> <http://purl.obolibrary.org/obo/OBA_0000001>);-0.816496580927908;1.224744871391407;1;0
ore_ont_4226.owl;SubClassOf(<http://purl.obolibrary.org/obo/WBbt_0008070> <http://purl.obolibrary.org/obo/WBbt_0008074>);0.8164965809254756;-1.2247448713938391;0;1
ore_ont_4226.owl;SubClassOf(<http://purl.obolibrary.org/obo/WBbt_0008071> <http://purl.obolibrary.org/obo/WBbt_0008074>);0.0;0.0;0;0
ore_ont_4226.owl;SubClassOf(<http://purl.obolibrary.org/obo/WBbt_0005371> <http://purl.obolibrary.org/obo/WBbt_0005135>);-0.5;-0.5;0;0
ore_ont_8864.owl;SubClassOf(<http://purl.obolibrary.org/obo/__spinal_cord_and_meninges> <http://purl.obolibrary.org/obo/MA_0002405>);0.0;0.0;0;0
ore_ont_11502.owl;SubClassOf(<http://purl.org/obo/owl/IEV#IEV_0001451> <http://purl.org/obo/owl/IEV#IEV_0000818>);0.8164965809277216;-1.2247448713915934;0;1
ore_ont_11502.owl;SubClassOf(<http://purl.org/obo/owl/IEV#IEV_0000022> <http://purl.org/obo/owl/IEV#IEV_0000184>);0.8164965809277148;-1.2247448713916005;0;1
ore_ont_11502.owl;SubClassOf(<http://purl.org/obo/owl/IEV#IEV_0001257> <http://purl.org/obo/owl/IEV#IEV_0001842>);0.8164965809277301;-1.2247448713915852;0;1
ore_ont_11502.owl;SubClassOf(<http://purl.org/obo/owl/IEV#IEV_0000025> <http://purl.org/obo/owl/IEV#IEV_0000913>);-0.8164965809277528;1.2247448713915623;1;0
ore_ont_11502.owl;SubClassOf(<http://purl.org/obo/owl/IEV#IEV_0000025> <http://purl.org/obo/owl/IEV#IEV_0000005>);0.816496580927714;-1.2247448713916012;0;1
ore_ont_3406.owl;SubClassOf(<http://purl.obolibrary.org/obo/CHEBI_58945> <http://purl.obolibrary.org/obo/CHEBI_24431>);0.8152794388403488;-1.1366180153618466;0;1
ore_ont_3406.owl;SubClassOf(<http://purl.obolibrary.org/obo/CHEBI_57299> <http://purl.obolibrary.org/obo/CHEBI_38101>);0.3782069024053792;0.829855851279929;1;0
ore_ont_935.owl;SubClassOf(<http://purl.obolibrary.org/obo/FYPO_0001362> <http://purl.obolibrary.org/obo/FYPO_0000002>);-1.8752891050502427;-0.1759980066226412;1;0
ore_ont_935.owl;SubClassOf(<http://purl.obolibrary.org/obo/FYPO_0001330> <http://purl.obolibrary.org/obo/PATO_0001159>);-0.5000000000000528;-0.5000000000000528;0;0
ore_ont_935.owl;SubClassOf(<http://purl.obolibrary.org/obo/FYPO_0001362> <http://purl.obolibrary.org/obo/PATO_0000001>);-1.2247448713917797;-1.2247448713917797;0;0
ore_ont_935.owl;SubClassOf(<http://purl.obolibrary.org/obo/CL_0000334> <http://purl.obolibrary.org/obo/CL_0000000>);-0.5000000000001293;-0.4999999999990202;1;0
ore_ont_935.owl;SubClassOf(<http://purl.obolibrary.org/obo/FYPO_0001330> <http://purl.obolibrary.org/obo/PATO_0001162>);0.4999999999992421;-2.000000000000758;0;1
ore_ont_935.owl;SubClassOf(<http://purl.obolibrary.org/obo/GO_0071850> <http://purl.obolibrary.org/obo/GO_0065007>);1.1785830058217477;1.1785830058217477;0;0
ore_ont_11081.owl;SubClassOf(<http://purl.obolibrary.org/obo/FYPO_0001362> <http://purl.obolibrary.org/obo/FYPO_0000002>);-0.9790136500410233;1.9323252710825451;1;0
ore_ont_11081.owl;SubClassOf(<http://purl.obolibrary.org/obo/PATO_0002052> <http://purl.obolibrary.org/obo/PATO_0000001>);1.5044673774042037;0.8446452419300978;0;1
ore_ont_11081.owl;SubClassOf(<http://purl.obolibrary.org/obo/CL_0000334> <http://purl.obolibrary.org/obo/CL_0000000>);-1.2227367623653227;-1.2227367623653227;0;0
ore_ont_11081.owl;SubClassOf(<http://purl.obolibrary.org/obo/GO_0072690> <http://purl.obolibrary.org/obo/GO_0008150>);0.816496580929494;-1.2247448713898208;0;1
ore_ont_11081.owl;SubClassOf(<http://purl.obolibrary.org/obo/PATO_0000461> <http://purl.obolibrary.org/obo/PATO_0000001>);-0.8164965809276022;1.2247448713917128;1;0
ore_ont_11081.owl;SubClassOf(<http://purl.obolibrary.org/obo/PATO_0000460> <http://purl.obolibrary.org/obo/PATO_0000001>);-0.5000000000000777;1.9999999999999225;1;0
ore_ont_7716.owl;SubClassOf(<http://purl.obolibrary.org/obo/FMA_10698> <http://purl.obolibrary.org/obo/FMA_70353>);0.816496580927726;-1.224744871391589;0;1
ore_ont_6102.owl;SubClassOf(<http://www.absoluteiri.edu/RELAPPROXC11767> <http://purl.obolibrary.org/obo/BFO_0000004>);0.0;0.0;0;0
ore_ont_7455.owl;SubClassOf(<http://purl.obolibrary.org/obo/ENSEMBL_YLR157C-A> <http://purl.obolibrary.org/obo/SO_0001217>);1.2247448715500102;1.5842118706139022e-10;0;1
ore_ont_10778.owl;SubClassOf(<http://purl.obolibrary.org/obo/GO_0030154> <http://purl.obolibrary.org/obo/GO_0044767>);0.0;0.0;0;0
ore_ont_10778.owl;SubClassOf(<http://purl.obolibrary.org/obo/GO_0007338> <http://purl.obolibrary.org/obo/GO_0044702>);-0.8164965809277263;1.2247448713915887;1;0
ore_ont_13243.owl;SubClassOf(<http://purl.obolibrary.org/obo/GO_0030154> <http://purl.obolibrary.org/obo/GO_0044767>);-0.4999999999999999;2.0000000000000004;1;0
ore_ont_10175.owl;SubClassOf(<http://purl.obolibrary.org/obo/GO_0022402> <http://purl.obolibrary.org/obo/GO_0044763>);0.0;0.0;0;0
ore_ont_10175.owl;SubClassOf(<http://purl.obolibrary.org/obo/GO_0030154> <http://purl.obolibrary.org/obo/GO_0044767>);-0.5000000000000003;2.0;1;0
ore_ont_10175.owl;SubClassOf(<http://purl.obolibrary.org/obo/GO_0048523> <http://purl.obolibrary.org/obo/GO_0065007>);1.0672654155634795;-1.904539010339675;0;1
ore_ont_10175.owl;SubClassOf(<http://purl.obolibrary.org/obo/GO_0005887> <http://purl.obolibrary.org/obo/GO_0044459>);-1.2247448713915892;-1.2247448713915892;0;0
ore_ont_10175.owl;SubClassOf(<http://purl.obolibrary.org/obo/GO_0022412> <http://purl.obolibrary.org/obo/GO_0048610>);0.0;0.0;0;0
ore_ont_5781.owl;SubClassOf(<http://purl.org/obo/owl/IMR#IMR_0000299> <http://purl.org/obo/owl/IMR#IMR_0010044>);0.816496580927726;-1.2247448713915892;0;1
ore_ont_5781.owl;SubClassOf(<http://purl.org/obo/owl/IMR#IMR_0000191> <http://purl.org/obo/owl/IMR#IMR_0000949>);-1.0320936930844666;0.1965892748727388;1;0
ore_ont_15696.owl;SubClassOf(<http://purl.obolibrary.org/obo/VTO_9024755> <http://purl.obolibrary.org/obo/VTO_9024187>);-0.5000000000000002;-0.5000000000000002;0;0
ore_ont_11293.owl;SubClassOf(<http://purl.obolibrary.org/obo/CHEBI_75766> <http://purl.obolibrary.org/obo/CHEBI_25212>);-0.8118239954820322;1.3866494365851894;1;0
ore_ont_11293.owl;SubClassOf(<http://purl.obolibrary.org/obo/CHEBI_15904> <http://purl.obolibrary.org/obo/CHEBI_25384>);-0.5000000000000016;-0.5000000000000016;0;0
ore_ont_11293.owl;SubClassOf(<http://purl.obolibrary.org/obo/CHEBI_58945> <http://purl.obolibrary.org/obo/CHEBI_50860>);-0.8164965809277256;1.2247448713915896;1;0
ore_ont_11293.owl;SubClassOf(<http://purl.obolibrary.org/obo/CHEBI_25705> <http://purl.obolibrary.org/obo/CHEBI_36683>);-0.8164965809277261;1.224744871391589;1;0
ore_ont_11293.owl;SubClassOf(<http://purl.obolibrary.org/obo/CHEBI_58342> <http://purl.obolibrary.org/obo/CHEBI_58945>);0.4999999999999998;0.4999999999999998;0;0
ore_ont_15929.owl;SubClassOf(<http://purl.obolibrary.org/obo/CHEBI_75766> <http://purl.obolibrary.org/obo/CHEBI_25212>);-0.8103157242578302;1.4096554633138116;1;0
ore_ont_15929.owl;SubClassOf(<http://purl.obolibrary.org/obo/CHEBI_15904> <http://purl.obolibrary.org/obo/CHEBI_25384>);-0.8164965809277273;1.2247448713915876;1;0
ore_ont_15929.owl;SubClassOf(<http://purl.obolibrary.org/obo/CHEBI_58945> <http://purl.obolibrary.org/obo/CHEBI_50860>);-0.816496580927726;1.224744871391589;1;0
ore_ont_15929.owl;SubClassOf(<http://purl.obolibrary.org/obo/CHEBI_25705> <http://purl.obolibrary.org/obo/CHEBI_36683>);-0.8164965809277254;1.2247448713915898;1;0
ore_ont_15929.owl;SubClassOf(<http://purl.obolibrary.org/obo/CHEBI_58342> <http://purl.obolibrary.org/obo/CHEBI_58945>);0.5000000000000009;0.5000000000000009;0;0
ore_ont_10248.owl;SubClassOf(<http://purl.obolibrary.org/obo/CHEBI_75766> <http://purl.obolibrary.org/obo/CHEBI_25212>);-0.7793657157324342;1.640439127469075;1;0
ore_ont_10248.owl;SubClassOf(<http://purl.obolibrary.org/obo/CHEBI_58945> <http://purl.obolibrary.org/obo/CHEBI_50860>);-0.816496580927726;1.2247448713915892;1;0
ore_ont_10248.owl;SubClassOf(<http://purl.obolibrary.org/obo/CHEBI_25705> <http://purl.obolibrary.org/obo/CHEBI_36683>);-0.816496580927726;1.224744871391589;1;0
ore_ont_5612.owl;SubClassOf(<http://purl.obolibrary.org/obo/CHEBI_75766> <http://purl.obolibrary.org/obo/CHEBI_25212>);-0.779303567192593;1.640731052900998;1;0
ore_ont_5612.owl;SubClassOf(<http://purl.obolibrary.org/obo/CHEBI_58945> <http://purl.obolibrary.org/obo/CHEBI_50860>);-0.816496580927726;1.2247448713915892;1;0
ore_ont_5612.owl;SubClassOf(<http://purl.obolibrary.org/obo/CHEBI_25705> <http://purl.obolibrary.org/obo/CHEBI_36683>);-0.8164965809277254;1.2247448713915894;1;0
ore_ont_2803.owl;SubClassOf(<http://purl.obolibrary.org/obo/CHEBI_75766> <http://purl.obolibrary.org/obo/CHEBI_25212>);-0.7627648378200353;0.5800446435512493;1;0
ore_ont_2803.owl;SubClassOf(<http://purl.obolibrary.org/obo/CHEBI_15904> <http://purl.obolibrary.org/obo/CHEBI_25384>);-0.5000000000000062;-0.5000000000000062;0;0
ore_ont_2803.owl;SubClassOf(<http://purl.obolibrary.org/obo/CHEBI_58945> <http://purl.obolibrary.org/obo/CHEBI_50860>);0.0002489982293794;-1.5815122539051611;0;1
ore_ont_2803.owl;SubClassOf(<http://purl.obolibrary.org/obo/CHEBI_25705> <http://purl.obolibrary.org/obo/CHEBI_36683>);-0.8164965809277258;1.2247448713915894;1;0
ore_ont_2803.owl;SubClassOf(<http://purl.obolibrary.org/obo/CHEBI_58342> <http://purl.obolibrary.org/obo/CHEBI_58945>);0.8164965809277263;-1.224744871391589;0;1
ore_ont_5927.owl;SubClassOf(<http://purl.obolibrary.org/obo/FMA_9140> <http://purl.obolibrary.org/obo/FMA_85544>);0.7671993118663928;-1.691880809593406;0;1
ore_ont_5927.owl;SubClassOf(<http://purl.obolibrary.org/obo/FMA_4687> <http://purl.obolibrary.org/obo/FMA_63812>);0.8164965809277265;-1.2247448713915885;0;1
ore_ont_5927.owl;SubClassOf(<http://purl.obolibrary.org/obo/FMA_49894> <http://purl.obolibrary.org/obo/FMA_55672>);-0.8164965809277261;1.2247448713915892;1;0
ore_ont_6722.owl;SubClassOf(<http://purl.obolibrary.org/obo/SO_0000965> <http://purl.obolibrary.org/obo/SO_0000340>);0.4999999999999803;0.4999999999999803;0;0
ore_ont_6722.owl;SubClassOf(<http://purl.obolibrary.org/obo/NCBIGene_100485030> <http://purl.obolibrary.org/obo/SO_0001217>);0.0;0.0;0;0
ore_ont_7868.owl;SubClassOf(<http://purl.obolibrary.org/obo/GO_0048523> <http://purl.obolibrary.org/obo/GO_0065007>);1.389393890141289;0.0123776738534154;0;1
ore_ont_7868.owl;SubClassOf(<http://purl.obolibrary.org/obo/CHEBI_36683> <http://purl.obolibrary.org/obo/CHEBI_50860>);0.8164965809276723;-1.224744871391643;0;1
ore_ont_7868.owl;SubClassOf(<http://purl.obolibrary.org/obo/GO_0015291> <http://purl.obolibrary.org/obo/GO_0022857>);-0.8164965809287794;1.2247448713905358;1;0
ore_ont_7868.owl;SubClassOf(<http://purl.obolibrary.org/obo/CHEBI_37512> <http://purl.obolibrary.org/obo/CHEBI_26079>);-0.8034261688120969;1.2046545997741365;1;0
ore_ont_11519.owl;SubClassOf(<http://purl.obolibrary.org/obo/FMA_9140> <http://purl.obolibrary.org/obo/FMA_85544>);0.8164965809277236;-1.2247448713915916;0;1
ore_ont_11519.owl;SubClassOf(<http://purl.obolibrary.org/obo/FMA_4687> <http://purl.obolibrary.org/obo/FMA_63812>);0.5000000000000018;0.5000000000000018;0;0
ore_ont_4802.owl;SubClassOf(<http://purl.obolibrary.org/obo/CHEBI_33853> <http://purl.obolibrary.org/obo/CHEBI_50860>);0.4835828654883684;0.5486168892458857;1;0
ore_ont_4802.owl;SubClassOf(<http://purl.obolibrary.org/obo/CHEBI_15904> <http://purl.obolibrary.org/obo/CHEBI_25384>);-0.816496580927726;1.2247448713915892;1;0
ore_ont_4802.owl;SubClassOf(<http://purl.obolibrary.org/obo/CHEBI_77746> <http://purl.obolibrary.org/obo/CHEBI_25212>);-0.7273012847899116;1.8095430169473552;1;0
ore_ont_4802.owl;SubClassOf(<http://purl.obolibrary.org/obo/CHEBI_25235> <http://purl.obolibrary.org/obo/CHEBI_35618>);0.8164965809277324;-1.2247448713915827;0;1
ore_ont_2828.owl;SubClassOf(<http://purl.obolibrary.org/obo/PR_Q8IUC6RELAPPROXQ2> <http://purl.obolibrary.org/obo/PR_000029067>);-0.00845398554807;1.4226170101872757;1;0
ore_ont_2828.owl;SubClassOf(<http://purl.obolibrary.org/obo/PR_000027172> <http://purl.obolibrary.org/obo/PR_000029032>);1.2144955492270542;0.0202475804933752;0;1
ore_ont_2828.owl;SubClassOf(<http://purl.obolibrary.org/obo/PR_P39453> <http://purl.obolibrary.org/obo/PR_000029062>);0.7071067811865476;-1.4142135623730951;0;1
ore_ont_9400.owl;SubClassOf(<http://purl.org/obo/owl/GO#GO_0016274> <http://purl.org/obo/owl/GO#GO_0008757>);0.816496580927726;-1.2247448713915892;0;1
ore_ont_9400.owl;SubClassOf(<http://purl.org/obo/owl/GO#GO_0016616> <http://purl.org/obo/owl/GO#GO_0003674>);-0.816496580927725;1.22474487139159;1;0
ore_ont_1579.owl;SubClassOf(<http://purl.obolibrary.org/obo/SO_0000965> <http://purl.obolibrary.org/obo/SO_0000340>);0.4999999999978678;0.4999999999978678;0;0
ore_ont_1579.owl;SubClassOf(<http://purl.obolibrary.org/obo/SO_0000234> <http://purl.obolibrary.org/obo/SO_0000673>);-0.4999999999994877;-0.4999999999994877;0;0
ore_ont_1579.owl;SubClassOf(<http://purl.obolibrary.org/obo/SO_0000470> <http://purl.obolibrary.org/obo/SO_0001411>);1.0;-1.0;0;1
ore_ont_9499.owl;SubClassOf(<http://purl.org/obo/owl/GO#GO_0005887> <http://purl.org/obo/owl/GO#GO_0044459>);0.0;0.0;0;0
ore_ont_12387.owl;SubClassOf(<http://purl.obolibrary.org/obo/NCBIGene_7177> <http://purl.obolibrary.org/obo/SO_0000336>);0.9622504486521422;-1.347150628098063;0;1
ore_ont_11739.owl;SubClassOf(<http://purl.obolibrary.org/obo/UBERON_0002257-OMEO-0000001> <http://purl.obolibrary.org/obo/UBERON_0002240-OMEO-0000001>);-0.8164254306909146;1.2037650663802852;1;0
ore_ont_11739.owl;SubClassOf(<http://purl.obolibrary.org/obo/UBERON_0002979-OMEO-0000001> <http://purl.obolibrary.org/obo/UBERON_0002037-OMEO-0000001>);-0.5;-0.5;0;0
ore_ont_1559.owl;SubClassOf(<http://purl.obolibrary.org/obo/GO_0001673> <http://purl.obolibrary.org/obo/GO_0005634>);0.0;0.0;0;0
