partition;opt1_Average_Runtime;opt2_Average_Runtime;opt3_Average_Runtime;opt1_Complete_Runs;opt2_Complete_Runs;opt3_Complete_Runs;opt1_timeouts;opt2_timeouts;opt3_timeouts
0-105K;7312.461538461538;5165.502958579882;5227.544378698225;169;169;169;1;1;1
105K-210K;40587.833333333336;41129.083333333336;43541.25;24;24;24;2;2;2
210K-315K;45717.8;43442.4;38238.0;5;5;4;0;0;1
315K-420K;51530.5;62267.5;52368.5;4;6;4;2;0;2
420K-525K;59232.0;58439.0;58587.666666666664;3;3;3;1;1;1
525K-630K;84511.0;87372.0;87700.0;1;1;1;0;0;0
630K-735K;68948.33333333333;73464.0;70630.66666666667;3;4;3;2;1;2
840K-1.890M;77499.0;75458.0;76542.0;1;1;1;6;6;6
1.89M-3.15M;90001;90001;90001;0;0;0;3;3;3
