Example;Defect;option2_steps;option2_cost;option3_steps;option3_cost;option2_better;option3_better
ore_ont_8937.owl;SubClassOf(<http://www.absoluteiri.edu/RELAPPROXC20> <http://www.absoluteiri.edu/RELAPPROXC41>);1.0;1.1047268203999618;1.0;1.1047268203999618;0;0
ore_ont_8937.owl;SubClassOf(<http://www.absoluteiri.edu/RELAPPROXC45> <http://www.absoluteiri.edu/RELAPPROXC41>);1.0;1.1012767591437074;1.0;1.1012767591437074;0;0
ore_ont_8937.owl;SubClassOf(<http://www.absoluteiri.edu/RELAPPROXC21> <http://www.absoluteiri.edu/RELAPPROXC43>);1.0;1.102513900853629;1.0;1.102513900853629;0;0
ore_ont_8937.owl;SubClassOf(<http://a.com/ontology#ReifiedRelationshipClass> <http://www.absoluteiri.edu/RELAPPROXC43>);1.0;1.1037515825947886;1.0;1.1037515825947886;0;0
ore_ont_8937.owl;SubClassOf(<http://www.absoluteiri.edu/RELAPPROXC21> <http://www.absoluteiri.edu/RELAPPROXC23>);1.0;1.0997204100652376;1.0;1.0997204100652376;0;0
ore_ont_8937.owl;SubClassOf(<http://www.absoluteiri.edu/RELAPPROXC21> <http://www.absoluteiri.edu/RELAPPROXC25>);1.0;1.106656422434867;1.0;1.106656422434867;0;0
ore_ont_1420.owl;SubClassOf(<http://purl.org/mets/onts/2010/12/gml.owl#Point> <http://www.w3.org/2005/Incubator/geo/XGR-geo/W3C_XGR_Geo_files/geo_2007.owl#_Geometry>);1.0;0.9972076788830716;2.0;0.9661431064572426;1;0
ore_ont_1420.owl;SubClassOf(<http://www.absoluteiri.edu/RELAPPROXC47RELAPPROXQ2> <http://www.absoluteiri.edu/RELAPPROXC64>);1.0;1.1615209619759506;1.0;1.1615209619759506;0;0
ore_ont_1420.owl;SubClassOf(<http://purl.org/mets/onts/2010/12/gml.owl#_Feature> <http://www.absoluteiri.edu/RELAPPROXC64>);1.0;1.182899628252788;1.0;1.182899628252788;0;0
ore_ont_13429.owl;SubClassOf(<http://www.cidoc-crm.org/cidoc-crm/E7_Activity> <http://www.cidoc-crm.org/cidoc-crm/E1_CRM_Entity>);1.0;0.6205787781350482;4.0;0.7073954983922829;1;0
ore_ont_9854.owl;SubClassOf(<http://www.owl-ontologies.com/unnamed.owl#Conforto> <http://www.owl-ontologies.com/unnamed.owl#Exito_relevante>);1.0;0.8588374851720046;2.0;0.7330960854092526;1;0
ore_ont_9854.owl;SubClassOf(<http://www.owl-ontologies.com/unnamed.owl#Exito_relevante> <http://www.owl-ontologies.com/unnamed.owl#Satisfeito_Insatisfeito>);1.0;0.7267267267267269;2.0;0.5315315315315315;1;0
ore_ont_9854.owl;SubClassOf(<http://www.owl-ontologies.com/unnamed.owl#Conforto> <http://www.owl-ontologies.com/unnamed.owl#Categorias_de_emoções>);2.0;1.0;2.0;1.0;0;0
ore_ont_3909.owl;SubClassOf(<file:/media/owl/Seagate%20Expansion%20Drive/mowlcorp_rep/mowlcorp_2014.10.07_orig/files/F18_Serial_Work> <file:/media/owl/Seagate%20Expansion%20Drive/mowlcorp_rep/mowlcorp_2014.10.07_orig/files/F16_Container_Work>);1.0;0.9784263959390864;2.0;0.9631979695431472;1;0
ore_ont_2036.owl;SubClassOf(<http://www.owl-ontologies.com/Ontology1324330201.owl#Artifact> <http://www.owl-ontologies.com/Ontology1324330201.owl#CommonCoreObject>);2.0;1.0205842288481912;2.0;1.0205842288481912;0;0
ore_ont_2036.owl;SubClassOf(<http://www.owl-ontologies.com/Ontology1324330201.owl#Form> <http://www.owl-ontologies.com/Ontology1324330201.owl#CommonCoreObject>);2.0;0.9658170914542727;2.0;0.9658170914542727;0;0
ore_ont_508.owl;SubClassOf(<http://www.owl-ontologies.com/Ontology1324330201.owl#Artifact> <http://www.owl-ontologies.com/Ontology1324330201.owl#CommonCoreObject>);2.0;1.0136612021857925;2.0;1.0136612021857925;0;0
ore_ont_508.owl;SubClassOf(<http://www.owl-ontologies.com/Ontology1324330201.owl#Form> <http://www.owl-ontologies.com/Ontology1324330201.owl#CommonCoreObject>);2.0;0.9673663496228274;2.0;0.9673663496228274;0;0
ore_ont_7270.owl;SubClassOf(<http://www.lia.deis.unibo.it/research/MIDAS/Ontologies/ZefiroRequest.owl#ExampleCapability> <http://www.lia.deis.unibo.it/research/MIDAS/Ontologies/MIDAS_Profile.owl#Capability>);5.0;1.008696764292109;3.0;1.008696764292109;0;1
ore_ont_7270.owl;SubClassOf(<http://www.lia.deis.unibo.it/research/MIDAS/Ontologies/MIDAS_Request.owl#Request_Profile> <http://www.lia.deis.unibo.it/research/MIDAS/Ontologies/MIDAS_Profile.owl#Profile>);2.0;1.030237937871778;2.0;1.030237937871778;0;0
ore_ont_13643.owl;SubClassOf(<http://www.bioassayontology.org/bao#BAO_0002374> <http://www.bioassayontology.org/bao#BAO_0002094>);1.0;0.5298013245033112;4.0;0.423841059602649;1;0
ore_ont_13643.owl;SubClassOf(<http://www.bioassayontology.org/bao#BAO_0002297> <http://www.bioassayontology.org/bao#BAO_0002282>);1.0;0.5562130177514792;2.0;0.272189349112426;1;0
ore_ont_13643.owl;SubClassOf(<http://www.bioassayontology.org/bao#BAO_0002272> <http://www.bioassayontology.org/bao#BAO_0002248>);1.0;0.3089887640449438;2.0;0.5280898876404494;1;0
ore_ont_6735.owl;SubClassOf(<http://purl.obolibrary.org/obo/sep_00160> <http://purl.obolibrary.org/obo/sep_00101>);1.0;0.606879606879607;2.0;0.3046683046683046;1;0
ore_ont_6735.owl;SubClassOf(<http://purl.obolibrary.org/obo/sep_00030> <http://purl.obolibrary.org/obo/sep_00004>);1.0;0.6650602409638554;3.0;0.4048192771084337;1;0
ore_ont_6735.owl;SubClassOf(<http://purl.obolibrary.org/obo/sep_00118> <http://purl.obolibrary.org/obo/sep_00076>);1.0;0.2926421404682274;3.0;0.6839464882943145;1;0
ore_ont_3082.owl;SubClassOf(<http://ontology.dumontierlab.com/biological-measure-primitive-1.0.owl#MontgomeryAsbergDepressionRating> <http://ontology.dumontierlab.com/biological-measure-primitive-1.0.owl#DepressionMeasure>);1.0;0.6140939597315438;2.0;0.3456375838926174;1;0
ore_ont_3082.owl;SubClassOf(<http://ontology.dumontierlab.com/biological-measure-primitive-1.0.owl#RemissionFrequency> <http://ontology.dumontierlab.com/biological-measure-primitive-1.0.owl#ClinicalOutcomeMeasure>);1.0;0.5373831775700935;2.0;0.2289719626168224;1;0
ore_ont_3463.owl;SubClassOf(<https://raw.github.com/ontohub/OOR_Ontohub_API/master/Domain_Fields_Core.owl#Business_and_administration> <https://raw.github.com/ontohub/OOR_Ontohub_API/master/Domain_Fields_Core.owl#Domain_Field>);1.0;0.5271317829457364;2.0;0.2945736434108527;1;0
ore_ont_5090.owl;SubClassOf(<http://purl.obolibrary.org/obo/XEO_00050> <http://purl.obolibrary.org/obo/XEO_00004>);1.0;0.9236252545824848;2.0;0.9725050916496945;1;0
ore_ont_5090.owl;SubClassOf(<http://purl.obolibrary.org/obo/XEO_00135> <http://purl.obolibrary.org/obo/XEO_00002>);1.0;0.7331118493909193;2.0;0.9689922480620156;1;0
ore_ont_2876.owl;SubClassOf(<file:/media/owl/Seagate%20Expansion%20Drive/mowlcorp_rep/mowlcorp_2014.10.07_orig/files/15142ae8-c9b2-4e1a-ac58-284d3db0504a_CIDOC1.rdf#E7.Activity> <file:/media/owl/Seagate%20Expansion%20Drive/mowlcorp_rep/mowlcorp_2014.10.07_orig/files/15142ae8-c9b2-4e1a-ac58-284d3db0504a_CIDOC1.rdf#E1.CRM_Entity>);1.0;0.6172506738544474;4.0;0.5876010781671159;1;0
ore_ont_15145.owl;SubClassOf(<file:/media/owl/Seagate%20Expansion%20Drive/mowlcorp_rep/mowlcorp_2014.10.07_orig/files/75a65645-51c9-4fe9-9f71-443fde726c1a__v5.0.1__.rdfs#E7_> <file:/media/owl/Seagate%20Expansion%20Drive/mowlcorp_rep/mowlcorp_2014.10.07_orig/files/75a65645-51c9-4fe9-9f71-443fde726c1a__v5.0.1__.rdfs#E1_>);1.0;0.4983922829581993;4.0;0.5466237942122186;1;0
ore_ont_15576.owl;SubClassOf(<http://purl.obolibrary.org/obo/APO_0000102> <http://purl.obolibrary.org/obo/APO_0000096>);1.0;0.3377659574468084;2.0;0.6223404255319147;1;0
ore_ont_11522.owl;SubClassOf(<http://www.opentox.org/api/1.1#ClassValueStatistics> <http://www.opentox.org/api/1.1#Validation>);1.0;0.9247851002865328;3.0;0.931232091690544;1;0
ore_ont_11522.owl;SubClassOf(<http://www.opentox.org/api/1.1#ClassValueStatistics> <http://www.opentox.org/api/1.1#OpentoxResource>);1.0;0.931482782853127;4.0;0.9325368938861556;1;0
ore_ont_11522.owl;SubClassOf(<http://www.opentox.org/api/1.1#Identifier> <http://www.opentox.org/api/1.1#Feature>);1.0;0.9912976213498356;2.0;1.0;1;0
ore_ont_5742.owl;SubClassOf(<file:/media/owl/Seagate%20Expansion%20Drive/mowlcorp_rep/mowlcorp_2014.10.07_orig/files/c6907ef3-a626-4b34-a474-15a4563b7f29_ish_label.rdfs#E7.Activity> <file:/media/owl/Seagate%20Expansion%20Drive/mowlcorp_rep/mowlcorp_2014.10.07_orig/files/c6907ef3-a626-4b34-a474-15a4563b7f29_ish_label.rdfs#E1.CRM_Entity>);1.0;0.6205787781350482;4.0;0.7073954983922829;1;0
ore_ont_5089.owl;SubClassOf(<http://www.sensocomune.org/ontologies/SensoComune.owl#Continuant> <http://www.sensocomune.org/ontologies/SensoComune.owl#Entity>);2.0;0.967818831942789;2.0;0.967818831942789;0;0
ore_ont_5089.owl;SubClassOf(<http://www.absoluteiri.edu/RELAPPROXC113> <http://www.sensocomune.org/ontologies/SensoComune.owl#Action>);1.0;0.9392953929539296;3.0;0.9392953929539296;1;0
ore_ont_5089.owl;SubClassOf(<http://www.absoluteiri.edu/RELAPPROXC118> <http://www.sensocomune.org/ontologies/SensoComune.owl#Quale>);1.0;0.9389830508474576;2.0;0.9444067796610172;1;0
ore_ont_5089.owl;SubClassOf(<http://www.sensocomune.org/ontologies/SensoComune.owl#Process> <http://www.sensocomune.org/ontologies/SensoComune.owl#Occurrent>);2.0;0.9813620071684588;2.0;0.9813620071684588;0;0
ore_ont_11497.owl;SubClassOf(<http://purl.obolibrary.org/obo/XAO_1000002> <http://purl.obolibrary.org/obo/XAO_1000000>);1.0;0.6537091026886945;3.0;0.9426627793974732;1;0
ore_ont_11497.owl;SubClassOf(<http://purl.obolibrary.org/obo/XAO_1000001> <http://purl.obolibrary.org/obo/XAO_1000000>);1.0;0.6771868787276343;2.0;0.9247017892644136;1;0
ore_ont_11497.owl;SubClassOf(<http://purl.obolibrary.org/obo/XAO_1000006> <http://purl.obolibrary.org/obo/XAO_1000000>);1.0;0.6725990597716588;2.0;0.9284754869039622;1;0
ore_ont_11497.owl;SubClassOf(<http://purl.obolibrary.org/obo/XAO_1000089> <http://purl.obolibrary.org/obo/XAO_1000000>);1.0;0.8024224072672217;2.0;0.9330052990158968;1;0
ore_ont_11497.owl;SubClassOf(<http://purl.obolibrary.org/obo/XAO_1000005> <http://purl.obolibrary.org/obo/XAO_1000000>);1.0;0.6405946994182289;2.0;0.9292178409825468;1;0
ore_ont_11497.owl;SubClassOf(<http://purl.obolibrary.org/obo/XAO_1000004> <http://purl.obolibrary.org/obo/XAO_1000000>);1.0;0.6985991866244916;2.0;0.9150474469046542;1;0
ore_ont_11497.owl;SubClassOf(<http://purl.obolibrary.org/obo/XAO_1000080> <http://purl.obolibrary.org/obo/XAO_1000000>);1.0;0.6275839793281653;3.0;1.0251937984496122;1;0
ore_ont_11497.owl;SubClassOf(<http://purl.obolibrary.org/obo/XAO_1000091> <http://purl.obolibrary.org/obo/XAO_1000000>);2.0;0.9079575596816976;3.0;1.0175066312997347;1;0
ore_ont_16626.owl;SubClassOf(<http://purl.obolibrary.org/obo/PO_0007600> <http://purl.obolibrary.org/obo/PO_0009012>);6.0;0.2863187588152327;8.0;0.6473906911142454;1;0
ore_ont_11639.owl;SubClassOf(<http://cbmi.med.harvard.edu/asdphenotype#Class_517> <http://cbmi.med.harvard.edu/asdphenotype#Class_365>);1.0;0.2837370242214532;2.0;0.5709342560553633;1;0
ore_ont_2753.owl;SubClassOf(<http://purl.obolibrary.org/obo/AEO_0001008> <http://purl.obolibrary.org/obo/CARO_0000066>);1.0;0.8561354019746122;2.0;0.9287729196050776;1;0
ore_ont_2753.owl;SubClassOf(<http://purl.obolibrary.org/obo/CL_0000071> <http://purl.obolibrary.org/obo/CL_0000066>);1.0;0.8786279683377309;2.0;0.7651715039577837;1;0
ore_ont_2753.owl;SubClassOf(<http://purl.obolibrary.org/obo/AEO_0000168> <http://purl.obolibrary.org/obo/CARO_0000003>);1.0;0.709;3.0;0.369;1;0
ore_ont_2753.owl;SubClassOf(<http://purl.obolibrary.org/obo/AEO_0000083> <http://purl.obolibrary.org/obo/CARO_0000055>);1.0;0.9051654560129136;2.0;0.9596448748991122;1;0
ore_ont_2753.owl;SubClassOf(<http://purl.obolibrary.org/obo/AEO_0000148> <http://purl.obolibrary.org/obo/AEO_0000125>);1.0;0.9886428165814878;2.0;1.0;1;0
ore_ont_13053.owl;SubClassOf(<http://purl.obolibrary.org/obo/VariO_0180> <http://purl.obolibrary.org/obo/VariO_0155>);1.0;0.6585365853658538;2.0;0.4420731707317073;1;0
ore_ont_13053.owl;SubClassOf(<http://purl.obolibrary.org/obo/VariO_0089> <http://purl.obolibrary.org/obo/VariO_0070>);1.0;0.7058823529411764;2.0;0.4886877828054299;1;0
ore_ont_13053.owl;SubClassOf(<http://purl.obolibrary.org/obo/VariO_0344> <http://purl.obolibrary.org/obo/VariO_0298>);1.0;0.670807453416149;2.0;0.4316770186335403;1;0
ore_ont_11010.owl;SubClassOf(<http://purl.obolibrary.org/obo/AEO_0001008> <http://purl.obolibrary.org/obo/CARO_0000066>);1.0;0.8686413393432069;2.0;0.9349645846748228;1;0
ore_ont_11010.owl;SubClassOf(<http://purl.obolibrary.org/obo/AEO_0000168> <http://purl.obolibrary.org/obo/CARO_0000003>);1.0;0.7355612059571376;3.0;0.4268071195059934;1;0
ore_ont_11010.owl;SubClassOf(<http://purl.obolibrary.org/obo/CL_0000327> <http://purl.obolibrary.org/obo/CL_0002320>);1.0;0.9651162790697672;2.0;0.9263565891472866;1;0
ore_ont_11010.owl;SubClassOf(<http://purl.obolibrary.org/obo/AEO_0000083> <http://purl.obolibrary.org/obo/CARO_0000055>);1.0;0.7645590682196339;2.0;0.8768718801996672;1;0
ore_ont_11010.owl;SubClassOf(<http://purl.obolibrary.org/obo/AEO_0000148> <http://purl.obolibrary.org/obo/AEO_0000125>);1.0;0.988045738045738;2.0;1.0;1;0
ore_ont_7576.owl;SubClassOf(<http://purl.obolibrary.org/obo/SP_0000353> <http://purl.obolibrary.org/obo/SP_0000012>);1.0;0.6920289855072463;2.0;0.7789855072463767;1;0
ore_ont_14518.owl;SubClassOf(<http://purl.obolibrary.org/obo/DDANAT_0000016> <http://purl.obolibrary.org/obo/DDANAT_0010085>);1.0;0.8124318429661941;2.0;0.6870229007633587;1;0
ore_ont_14518.owl;SubClassOf(<http://purl.obolibrary.org/obo/DDANAT_0000041> <http://purl.obolibrary.org/obo/DDANAT_0010085>);1.0;0.988673902784332;2.0;0.9504483246814536;1;0
ore_ont_14518.owl;SubClassOf(<http://purl.obolibrary.org/obo/DDANAT_0000004> <http://purl.obolibrary.org/obo/DDANAT_0010001>);1.0;0.8928571428571428;2.0;0.8815993788819874;1;0
ore_ont_10516.owl;SubClassOf(<http://purl.obolibrary.org/obo/OPL_0000027> <http://purl.obolibrary.org/obo/CARO_0000003>);1.0;0.6409807355516637;2.0;0.8021015761821366;1;0
ore_ont_10516.owl;SubClassOf(<http://purl.obolibrary.org/obo/OPL_0000171> <http://purl.obolibrary.org/obo/snap#_Role>);1.0;0.9749582637729548;2.0;0.984974958263773;1;0
ore_ont_10516.owl;SubClassOf(<http://purl.obolibrary.org/obo/OPL_0000032> <http://purl.obolibrary.org/obo/CARO_0000003>);1.0;0.731622746185853;2.0;0.5693481276005549;1;0
ore_ont_13301.owl;SubClassOf(<http://purl.obolibrary.org/obo/NCBITaxon_7372> <http://purl.obolibrary.org/obo/NCBITaxon_7371>);1.0;0.9020359380151663;2.0;0.8090586877678865;1;0
ore_ont_13301.owl;SubClassOf(<http://purl.obolibrary.org/obo/NCBITaxon_435434> <http://purl.obolibrary.org/obo/NCBITaxon_10114>);1.0;0.9029928142825394;2.0;0.810319282909845;1;0
ore_ont_15068.owl;SubClassOf(<http://biomanta.sourceforge.net/2007/10/ncbi_taxo.owl#ncbi_taxo_10090> <http://biomanta.sourceforge.net/2007/10/ncbi_taxo.owl#ncbi_taxo_2759>);1.0;0.1242424242424242;2.0;0.5242424242424243;1;0
ore_ont_3418.owl;SubClassOf(<http://purl.obolibrary.org/obo/PI_00041> <http://purl.obolibrary.org/obo/PI_00302>);1.0;0.2320954907161803;2.0;0.5848806366047745;1;0
ore_ont_3418.owl;SubClassOf(<http://purl.obolibrary.org/obo/PI_00284> <http://purl.obolibrary.org/obo/PI_00011>);1.0;0.6141732283464568;2.0;0.3681102362204724;1;0
ore_ont_4382.owl;SubClassOf(<http://purl.obolibrary.org/obo/phi_0000263> <http://purl.obolibrary.org/obo/phi_0000191>);1.0;0.9271012006861064;2.0;0.956260720411664;1;0
ore_ont_4382.owl;SubClassOf(<http://purl.obolibrary.org/obo/phi_0000188> <http://purl.obolibrary.org/obo/phi_0000262>);1.0;0.8421052631578947;3.0;0.8733371891266629;1;0
ore_ont_4382.owl;SubClassOf(<http://purl.obolibrary.org/obo/phi_0000081> <http://purl.obolibrary.org/obo/phi_0000061>);1.0;0.8904933814681107;2.0;0.904933814681107;1;0
ore_ont_4382.owl;SubClassOf(<http://purl.obolibrary.org/obo/phi_0000235> <http://purl.obolibrary.org/obo/phi_0000172>);1.0;0.9414758269720104;2.0;0.9147582697201018;1;0
ore_ont_13234.owl;SubClassOf(<http://purl.obolibrary.org/obo/EO_0007154> <http://purl.obolibrary.org/obo/EO_0007316>);1.0;0.3545918367346938;2.0;0.6147959183673469;1;0
ore_ont_13234.owl;SubClassOf(<http://purl.obolibrary.org/obo/EO_0007221> <http://purl.obolibrary.org/obo/EO_0007154>);1.0;0.6770472895040369;2.0;0.4152249134948096;1;0
ore_ont_16730.owl;SubClassOf(<http://purl.obolibrary.org/obo/MMO_0000037> <http://purl.obolibrary.org/obo/MMO_0000030>);1.0;0.6172638436482085;2.0;0.3241042345276872;1;0
ore_ont_16730.owl;SubClassOf(<http://purl.obolibrary.org/obo/MMO_0000030> <http://purl.obolibrary.org/obo/MMO_0000027>);1.0;0.5263157894736842;2.0;0.2105263157894736;1;0
ore_ont_16730.owl;SubClassOf(<http://purl.obolibrary.org/obo/MMO_0000181> <http://purl.obolibrary.org/obo/MMO_0000147>);1.0;0.9390088945362132;2.0;0.7509529860228716;1;0
ore_ont_11504.owl;SubClassOf(<http://www.semanticweb.org/vanessa/ontologies/2012/7/untitled-ontology-33#Physical_Care> <http://www.semanticweb.org/vanessa/ontologies/2012/7/untitled-ontology-33#Coordination_Focus>);1.0;0.4797979797979796;2.0;0.5858585858585857;1;0
ore_ont_11504.owl;SubClassOf(<http://www.semanticweb.org/vanessa/ontologies/2012/7/untitled-ontology-33#Medical_Devices> <http://www.semanticweb.org/vanessa/ontologies/2012/7/untitled-ontology-33#Services>);1.0;0.471953578336557;3.0;0.402321083172147;1;0
ore_ont_11504.owl;SubClassOf(<http://www.semanticweb.org/vanessa/ontologies/2012/7/untitled-ontology-33#Laboratory_Tests> <http://www.semanticweb.org/vanessa/ontologies/2012/7/untitled-ontology-33#Physical_Care>);1.0;0.6592741935483871;2.0;0.4012096774193547;1;0
ore_ont_637.owl;SubClassOf(<http://purl.obolibrary.org/obo/GO_0005634> <http://purl.obolibrary.org/obo/GO_0044464>);1.0;0.9958777052559256;3.0;0.919958777052559;1;0
ore_ont_637.owl;SubClassOf(<http://purl.obolibrary.org/obo/GO_0006259> <http://purl.obolibrary.org/obo/GO_0044237>);1.0;0.953778888194878;1.0;0.953778888194878;0;0
ore_ont_637.owl;SubClassOf(<http://purl.obolibrary.org/obo/GO_0005622> <http://purl.obolibrary.org/obo/GO_0005575>);1.0;0.6638276553106213;2.0;0.8972945891783567;1;0
ore_ont_637.owl;SubClassOf(<http://purl.obolibrary.org/obo/GO_0031406> <http://purl.obolibrary.org/obo/GO_0005488>);1.0;0.7745664739884394;2.0;0.8909991742361683;1;0
ore_ont_2713.owl;SubClassOf(<file:/media/owl/Seagate%20Expansion%20Drive/mowlcorp_rep/mowlcorp_2014.10.07_orig/files/87d0a399-d147-45f0-8680-92eb7f975195_ka.owl#AcademicStaff> <file:/media/owl/Seagate%20Expansion%20Drive/mowlcorp_rep/mowlcorp_2014.10.07_orig/files/87d0a399-d147-45f0-8680-92eb7f975195_ka.owl#Person>);1.0;0.9938361611876988;2.0;0.9911187698833508;1;0
ore_ont_14901.owl;SubClassOf(<http://purl.obolibrary.org/obo/MPATH_474> <http://purl.obolibrary.org/obo/MPATH_56>);1.0;0.2808349146110057;2.0;0.6110056925996206;1;0
ore_ont_14901.owl;SubClassOf(<http://purl.obolibrary.org/obo/MPATH_270> <http://purl.obolibrary.org/obo/MPATH_218>);3.0;0.4198198198198198;4.0;0.2972972972972973;1;0
ore_ont_3349.owl;SubClassOf(<http://purl.obolibrary.org/obo/PORO_0000017> <http://purl.obolibrary.org/obo/CARO_0000003>);1.0;0.9173740803621958;2.0;0.9753820033955858;1;0
ore_ont_4671.owl;SubClassOf(<http://purl.obolibrary.org/obo/SPD_0000020> <http://purl.obolibrary.org/obo/SPD_0000331>);1.0;0.996247778289777;2.0;0.999407543940491;1;0
ore_ont_12831.owl;SubClassOf(<http://www.text2onto.org/ontology#peptide_hormone_secreting_cell> <http://www.text2onto.org/ontology#secretory_cell>);1.0;0.871142618849041;2.0;1.0100083402835696;1;0
ore_ont_12831.owl;SubClassOf(<http://www.text2onto.org/ontology#macrophage> <http://www.text2onto.org/ontology#stuff_accumulating_cell>);2.0;0.9811227637260952;3.0;0.983343615052437;1;0
ore_ont_12831.owl;SubClassOf(<http://www.text2onto.org/ontology#myeloid_progenitor_cell> <http://www.text2onto.org/ontology#non-terminally_differentiated_cell>);1.0;0.8683584456780333;2.0;0.7636796193497225;1;0
ore_ont_12831.owl;SubClassOf(<http://www.text2onto.org/ontology#peptide_hormone_secreting_cell> <http://www.text2onto.org/ontology#animal_cell>);2.0;0.8742880390561432;2.0;0.8742880390561432;0;0
ore_ont_7220.owl;SubClassOf(<http://purl.obolibrary.org/obo/TO_0000401> <http://purl.obolibrary.org/obo/TO_0000168>);1.0;0.4737704918032787;2.0;0.6885245901639344;1;0
ore_ont_16821.owl;SubClassOf(<http://cbo.biocomplexity.indiana.edu/svn/cbo/trunk/CBO_1_0.owl#KineticProperty> <http://cbo.biocomplexity.indiana.edu/svn/cbo/trunk/CBO_1_0.owl#CBO_Object>);1.0;0.9898404907975468;2.0;0.9918527607361964;1;0
ore_ont_16821.owl;SubClassOf(<http://cbo.biocomplexity.indiana.edu/svn/cbo/trunk/CBO_1_0.owl#GeometricalProperty> <http://cbo.biocomplexity.indiana.edu/svn/cbo/trunk/CBO_1_0.owl#CBO_Object>);1.0;0.9901503867774948;2.0;0.9984304681369016;1;0
ore_ont_16821.owl;SubClassOf(<http://cbo.biocomplexity.indiana.edu/svn/cbo/trunk/CBO_1_0.owl#Energy> <http://cbo.biocomplexity.indiana.edu/svn/cbo/trunk/CBO_1_0.owl#CBO_Object>);1.0;0.9900741420532766;2.0;0.9919820320235708;1;0
ore_ont_4400.owl;SubClassOf(<http://www.aiai.ed.ac.uk/resources/go/cell.owl#CL.0000510> <http://www.aiai.ed.ac.uk/resources/go/cell.owl#CL.0000075>);3.0;0.9340458015267178;4.0;0.999083969465649;1;0
ore_ont_4400.owl;SubClassOf(<http://www.aiai.ed.ac.uk/resources/go/cell.owl#CL.0000152> <http://www.aiai.ed.ac.uk/resources/go/cell.owl#CL.0000144>);2.0;0.9041095890410958;2.0;0.9041095890410958;0;0
ore_ont_15397.owl;SubClassOf(<http://ccdb.ucsd.edu/NIF/NIF-Subcellular2.owl#sao1911631652> <http://ccdb.ucsd.edu/NIF/NIF-Subcellular2.owl#sao1784069613>);1.0;0.9943825426710702;2.0;0.9996913484984103;1;0
ore_ont_15397.owl;SubClassOf(<http://ccdb.ucsd.edu/NIF/NIF-Subcellular2.owl#sao1615953555> <http://ccdb.ucsd.edu/NIF/NIF-Subcellular2.owl#sao628508602>);1.0;0.9967436811908824;2.0;0.9976740579934876;1;0
ore_ont_15397.owl;SubClassOf(<http://ccdb.ucsd.edu/NIF/NIF-Subcellular2.owl#sao1362520468> <http://ccdb.ucsd.edu/NIF/NIF-Subcellular2.owl#sao221389602>);1.0;0.9978048574564488;2.0;0.9967072861846732;1;0
ore_ont_1473.owl;SubClassOf(<http://purl.obolibrary.org/obo/DIS_2322> <http://purl.obolibrary.org/obo/DIS_0298>);1.0;0.6738461538461539;3.0;0.7995604395604397;1;0
ore_ont_1473.owl;SubClassOf(<http://purl.obolibrary.org/obo/DIS_1613> <http://purl.obolibrary.org/obo/DIS_1246>);1.0;0.3043478260869565;3.0;0.453804347826087;1;0
ore_ont_8135.owl;SubClassOf(<http://www.ebi.ac.uk/efo/swo/SWO_0000182> <http://purl.obolibrary.org/obo/IAO_0000010>);1.0;0.7846153846153846;2.0;0.5618233618233618;1;0
ore_ont_8135.owl;SubClassOf(<http://www.ebi.ac.uk/efo/swo/SWO_0000415> <http://purl.obolibrary.org/obo/IAO_0000030>);1.0;0.9943275821318835;2.0;0.9666745450248168;1;0
ore_ont_11014.owl;SubClassOf(<http://purl.obolibrary.org/obo/MS_1001041> <http://purl.obolibrary.org/obo/MS_1001302>);1.0;0.7060570071258907;2.0;0.8396674584323041;1;0
ore_ont_13578.owl;SubClassOf(<http://purl.obolibrary.org/obo/VHOG_0000726> <http://purl.obolibrary.org/obo/VHOG_0001725>);1.0;0.9915099111250272;2.0;0.9957730195813966;1;0
ore_ont_13578.owl;SubClassOf(<http://purl.obolibrary.org/obo/VHOG_0000725> <http://purl.obolibrary.org/obo/VHOG_0001725>);1.0;0.998608164072894;2.0;0.9998157864214128;1;0
ore_ont_13578.owl;SubClassOf(<http://purl.obolibrary.org/obo/VHOG_0000319> <http://purl.obolibrary.org/obo/VHOG_0001757>);1.0;0.9997575688433183;2.0;0.9989447114356204;1;0
ore_ont_3635.owl;SubClassOf(<http://purl.obolibrary.org/obo/HAO_0000234> <http://purl.obolibrary.org/obo/HAO_0000003>);1.0;0.7682967959527827;3.0;0.7598650927487355;1;0
ore_ont_3635.owl;SubClassOf(<http://purl.obolibrary.org/obo/HAO_0000505> <http://purl.obolibrary.org/obo/HAO_0000003>);1.0;0.9066912216083488;4.0;0.4585635359116023;1;0
ore_ont_3635.owl;SubClassOf(<http://purl.obolibrary.org/obo/HAO_0000853> <http://purl.obolibrary.org/obo/HAO_0000003>);1.0;0.6591327846701879;5.0;0.8677066699422674;1;0
ore_ont_3635.owl;SubClassOf(<http://purl.obolibrary.org/obo/HAO_0000853> <http://purl.obolibrary.org/obo/HAO_0000041>);1.0;0.4663095573724274;3.0;0.7854524950662533;1;0
ore_ont_725.owl;SubClassOf(<http://purl.obolibrary.org/obo/MI_0212> <http://purl.obolibrary.org/obo/MI_0414>);1.0;0.7869674185463659;2.0;0.6115288220551377;1;0
ore_ont_15950.owl;SubClassOf(<http://purl.obolibrary.org/obo/WBPhenotype_0001344> <http://purl.obolibrary.org/obo/WBPhenotype_0000533>);1.0;0.9001871490954461;2.0;0.8296943231441047;1;0
ore_ont_15950.owl;SubClassOf(<http://purl.obolibrary.org/obo/WBPhenotype_0001438> <http://purl.obolibrary.org/obo/WBPhenotype_0000525>);2.0;0.9901603498542272;2.0;0.9901603498542272;0;0
ore_ont_15950.owl;SubClassOf(<http://purl.obolibrary.org/obo/WBPhenotype_0001102> <http://purl.obolibrary.org/obo/WBPhenotype_0001100>);1.0;0.953246349798074;2.0;0.9725069897483692;1;0
ore_ont_15950.owl;SubClassOf(<http://purl.obolibrary.org/obo/WBPhenotype_0001100> <http://purl.obolibrary.org/obo/WBPhenotype_0000749>);1.0;0.9287194363862412;2.0;1.0;1;0
ore_ont_15950.owl;SubClassOf(<http://purl.obolibrary.org/obo/WBPhenotype_0000825> <http://purl.obolibrary.org/obo/WBPhenotype_0000529>);1.0;0.8385053831538949;2.0;0.908169727675744;1;0
ore_ont_12397.owl;SubClassOf(<http://purl.obolibrary.org/obo/CMO_0000230> <http://purl.obolibrary.org/obo/CMO_0000000>);1.0;0.7185741088180112;1.0;0.7185741088180112;0;0
ore_ont_12397.owl;SubClassOf(<http://purl.obolibrary.org/obo/CMO_0000758> <http://purl.obolibrary.org/obo/CMO_0000256>);3.0;0.5098814229249012;4.0;0.2964426877470355;1;0
ore_ont_12397.owl;SubClassOf(<http://purl.obolibrary.org/obo/CMO_0000927> <http://purl.obolibrary.org/obo/CMO_0000926>);2.0;0.8816388467374809;2.0;0.8816388467374809;0;0
ore_ont_12397.owl;SubClassOf(<http://purl.obolibrary.org/obo/CMO_0000110> <http://purl.obolibrary.org/obo/CMO_0000227>);1.0;0.8707865168539326;2.0;0.7552166934189406;1;0
ore_ont_12397.owl;SubClassOf(<http://purl.obolibrary.org/obo/CMO_0000951> <http://purl.obolibrary.org/obo/CMO_0000068>);1.0;0.5991058122205664;3.0;0.84575260804769;1;0
ore_ont_12397.owl;SubClassOf(<http://purl.obolibrary.org/obo/CMO_0000230> <http://purl.obolibrary.org/obo/CMO_0000669>);2.0;0.6606334841628959;2.0;0.6606334841628959;0;0
ore_ont_412.owl;SubClassOf(<http://purl.org/biotop/biotop.owl#Population> <http://www.absoluteiri.edu/RELAPPROXC443>);2.0;0.9987517146776396;3.0;0.9978600823045268;1;0
ore_ont_412.owl;SubClassOf(<http://purl.org/biotop/biotop.owl#Population> <http://purl.org/biotop/biotop.owl#MaterialEntity>);2.0;0.9987505148977058;2.0;0.9987505148977058;0;0
ore_ont_412.owl;SubClassOf(<http://purl.org/biotop/biotop.owl#TaxonQuality> <http://www.absoluteiri.edu/RELAPPROXC409>);1.0;0.9958036984352774;2.0;0.9953295400663822;1;0
ore_ont_412.owl;SubClassOf(<http://purl.org/biotop/biotop.owl#BacterialCell> <http://purl.org/biotop/biotop.owl#Cell>);2.0;0.9986662987490784;2.0;1.0;0;0
ore_ont_412.owl;SubClassOf(<http://purl.org/biotop/biotop.owl#SubmolecularGroup> <http://purl.org/biotop/biotop.owl#MonoMolecularEntity>);1.0;0.9969326543872108;2.0;0.9954216466961806;1;0
ore_ont_412.owl;SubClassOf(<http://purl.org/biotop/biotop.owl#AnimalIncludingHuman> <http://purl.org/biotop/biotop.owl#Organism>);1.0;0.9955214045590092;3.0;0.9906184035650052;1;0
ore_ont_412.owl;SubClassOf(<http://purl.org/biotop/biotop.owl#Organism> <http://purl.org/biotop/biotop.owl#StructuredBiologicalEntity>);2.0;0.9966940038026052;2.0;0.9967365702772496;0;0
ore_ont_670.owl;SubClassOf(<http://purl.obolibrary.org/obo/WBPhenotype_0001441> <http://purl.obolibrary.org/obo/WBPhenotype_0000525>);2.0;0.978013029315961;2.0;0.978013029315961;0;0
ore_ont_670.owl;SubClassOf(<http://purl.obolibrary.org/obo/WBPhenotype_0000631> <http://purl.obolibrary.org/obo/WBPhenotype_0000577>);1.0;0.3365041617122474;3.0;0.6682520808561238;1;0
ore_ont_670.owl;SubClassOf(<http://purl.obolibrary.org/obo/WBPhenotype_0001260> <http://purl.obolibrary.org/obo/WBPhenotype_0000533>);1.0;0.5625;2.0;0.2585227272727272;1;0
ore_ont_670.owl;SubClassOf(<http://purl.obolibrary.org/obo/WBPhenotype_0001102> <http://purl.obolibrary.org/obo/WBPhenotype_0001100>);1.0;0.8313525749858509;2.0;0.9168081494057724;1;0
ore_ont_670.owl;SubClassOf(<http://purl.obolibrary.org/obo/WBPhenotype_0001100> <http://purl.obolibrary.org/obo/WBPhenotype_0000749>);1.0;0.6893382352941178;2.0;1.0;1;0
ore_ont_670.owl;SubClassOf(<http://purl.obolibrary.org/obo/WBPhenotype_0000825> <http://purl.obolibrary.org/obo/WBPhenotype_0000529>);1.0;0.2544910179640718;2.0;0.5748502994011977;1;0
ore_ont_15292.owl;SubClassOf(<http://purl.obolibrary.org/obo/MOD_01453> <http://purl.obolibrary.org/obo/MOD_00906>);2.0;1.0;2.0;1.0;0;0
ore_ont_5080.owl;SubClassOf(<http://purl.obolibrary.org/obo/PO_0025018> <http://purl.obolibrary.org/obo/PO_0025001>);1.0;0.8339359504132229;2.0;0.9728822314049588;1;0
ore_ont_5080.owl;SubClassOf(<http://purl.obolibrary.org/obo/PO_0006016> <http://purl.obolibrary.org/obo/PO_0005679>);3.0;0.8645447816432272;3.0;0.9696521095484828;0;0
ore_ont_5080.owl;SubClassOf(<http://purl.obolibrary.org/obo/PO_0025128> <http://purl.obolibrary.org/obo/PO_0009013>);1.0;0.96584440227704;2.0;0.8353889943074001;1;0
ore_ont_5080.owl;SubClassOf(<http://purl.obolibrary.org/obo/PO_0009081> <http://purl.obolibrary.org/obo/PO_0025029>);4.0;0.8681848040289024;4.0;0.8681848040289024;0;0
ore_ont_9598.owl;SubClassOf(<http://purl.obolibrary.org/obo/AAO_0000137> <http://purl.obolibrary.org/obo/AAO_0000138>);1.0;0.5631349782293179;2.0;0.2060957910014514;1;0
ore_ont_9598.owl;SubClassOf(<http://purl.obolibrary.org/obo/AAO_0000320> <http://purl.obolibrary.org/obo/AAO_0010841>);1.0;0.5012294306790239;2.0;0.0098354454321921;1;0
ore_ont_9598.owl;SubClassOf(<http://purl.obolibrary.org/obo/AAO_0000052> <http://purl.obolibrary.org/obo/AAO_0010009>);1.0;0.6548672566371683;2.0;0.3672566371681417;1;0
ore_ont_2440.owl;SubClassOf(<http://purl.obolibrary.org/obo/TGMA_0000527> <http://purl.obolibrary.org/obo/TGMA_0001823>);1.0;0.9971792312702362;3.0;0.99836001818037;1;0
ore_ont_2440.owl;SubClassOf(<http://purl.obolibrary.org/obo/TGMA_0001587> <http://purl.obolibrary.org/obo/TGMA_0000809>);1.0;0.9992487107272028;2.0;0.9991279003918786;1;0
ore_ont_2440.owl;SubClassOf(<http://purl.obolibrary.org/obo/TGMA_0000829> <http://purl.obolibrary.org/obo/TGMA_0001363>);1.0;0.99646649758036;3.0;0.99646649758036;1;0
ore_ont_8298.owl;SubClassOf(<http://purl.obolibrary.org/obo/IDOMAL_0000258> <http://purl.obolibrary.org/obo/IDOMAL_0000001>);1.0;0.7555274794693618;3.0;0.897662665824384;1;0
ore_ont_2377.owl;SubClassOf(<http://purl.obolibrary.org/obo/FYPO_0000443> <http://purl.obolibrary.org/obo/FYPO_0000628>);2.0;0.9917655606684428;5.0;1.0;1;0
ore_ont_3313.owl;SubClassOf(<http://biomanta.sourceforge.net/celltype_instance_edit.owl#epidermal_initial_CL_0000538> <http://biomanta.sourceforge.net/celltype_instance_edit.owl#plant_cell_CL_0000610>);1.0;0.9152663568108688;2.0;1.0;1;0
ore_ont_3313.owl;SubClassOf(<http://biomanta.sourceforge.net/celltype_instance_edit.owl#peptide_hormone_secreting_cell_CL_0000167> <http://biomanta.sourceforge.net/celltype_instance_edit.owl#secretory_cell_CL_0000151>);1.0;0.8477525374577091;2.0;1.017399710004833;1;0
ore_ont_3313.owl;SubClassOf(<http://biomanta.sourceforge.net/celltype_instance_edit.owl#myeloid_progenitor_cell_CL_0000839> <http://biomanta.sourceforge.net/celltype_instance_edit.owl#non_terminally_differentiated_cell_CL_0000055>);1.0;0.8326732673267326;2.0;0.7019801980198019;1;0
ore_ont_3313.owl;SubClassOf(<http://biomanta.sourceforge.net/celltype_instance_edit.owl#neuron_CL_0000540> <http://biomanta.sourceforge.net/celltype_instance_edit.owl#animal_cell_CL_0000548>);1.0;0.809184763260947;1.0;0.809184763260947;0;0
ore_ont_3313.owl;SubClassOf(<http://biomanta.sourceforge.net/celltype_instance_edit.owl#enterochromaffin_cell_CL_0000504> <http://biomanta.sourceforge.net/celltype_instance_edit.owl#peptide_hormone_secreting_cell_CL_0000167>);3.0;0.7011108782225949;5.0;0.8748690002095998;1;0
ore_ont_11619.owl;SubClassOf(<http://purl.obolibrary.org/obo/RS_0002576> <http://purl.obolibrary.org/obo/RS_0000461>);1.0;0.6521739130434784;3.0;0.366914103923648;1;0
ore_ont_10742.owl;SubClassOf(<http://purl.obolibrary.org/obo/XAO_0000001> <http://purl.obolibrary.org/obo/XAO_0003040>);1.0;0.8227605437434647;2.0;0.9182642035552456;1;0
ore_ont_10742.owl;SubClassOf(<http://purl.obolibrary.org/obo/XAO_0000115> <http://purl.obolibrary.org/obo/XAO_0003037>);1.0;0.8224674022066196;2.0;0.913239719157472;1;0
ore_ont_10968.owl;SubClassOf(<http://purl.obolibrary.org/obo/BTO_0000379> <http://purl.obolibrary.org/obo/BTO_0000284>);1.0;0.9889887418526564;2.0;0.989136875370334;1;0
ore_ont_9790.owl;SubClassOf(<http://purl.obolibrary.org/obo/DOID_2921> <http://purl.obolibrary.org/obo/DOID_557>);1.0;0.6112759643916915;2.0;0.2774480712166173;1;0
ore_ont_1493.owl;SubClassOf(<http://purl.obolibrary.org/obo/FBsp_00001222> <http://purl.obolibrary.org/obo/FBsp_30000101>);1.0;0.8945851660852419;2.0;0.7929622326710148;1;0
ore_ont_8641.owl;SubClassOf(<http://purl.org/obo/owl/IEV#IEV_0001479> <http://purl.org/obo/owl/IEV#IEV_0001669>);5.0;0.9991973781017992;1.0;1.0;0;1
ore_ont_4655.owl;SubClassOf(<http://purl.obolibrary.org/obo/MFO_0002980> <http://purl.obolibrary.org/obo/MFO_0001620>);1.0;0.9988610816752992;2.0;0.99827676705654;1;0
ore_ont_5792.owl;SubClassOf(<http://purl.obolibrary.org/obo/MP_0005118> <http://purl.obolibrary.org/obo/MP_0005418>);2.0;0.7988636363636363;2.0;0.7988636363636363;0;0
ore_ont_5792.owl;SubClassOf(<http://purl.obolibrary.org/obo/MP_0002206> <http://purl.obolibrary.org/obo/MP_0003633>);1.0;0.5944272445820434;2.0;0.2801857585139319;1;0
ore_ont_5792.owl;SubClassOf(<http://purl.obolibrary.org/obo/MP_0004175> <http://purl.obolibrary.org/obo/MP_0002106>);1.0;0.6058823529411764;3.0;0.7901960784313724;1;0
ore_ont_5792.owl;SubClassOf(<http://purl.obolibrary.org/obo/MP_0005418> <http://purl.obolibrary.org/obo/MP_0001764>);3.0;0.5152542372881356;4.0;0.2440677966101695;1;0
ore_ont_5792.owl;SubClassOf(<http://purl.obolibrary.org/obo/MP_0001846> <http://purl.obolibrary.org/obo/MP_0000001>);1.0;0.4154727793696275;4.0;0.3495702005730658;1;0
ore_ont_5792.owl;SubClassOf(<http://purl.obolibrary.org/obo/MP_0002703> <http://purl.obolibrary.org/obo/MP_0002135>);1.0;0.3642773207990599;2.0;0.6603995299647474;1;0
ore_ont_3106.owl;SubClassOf(<http://purl.obolibrary.org/obo/GO_0016274> <http://purl.obolibrary.org/obo/GO_0008757>);2.0;0.9614264919941776;2.0;0.9614264919941776;0;0
ore_ont_3106.owl;SubClassOf(<http://purl.obolibrary.org/obo/GO_0001664> <http://purl.obolibrary.org/obo/GO_0005515>);1.0;0.2010271460014673;2.0;0.4732208363903154;1;0
ore_ont_10389.owl;SubClassOf(<http://purl.obolibrary.org/obo/MP_0002962> <http://purl.obolibrary.org/obo/MP_0009643>);1.0;0.4307324840764332;2.0;0.7030254777070064;1;0
ore_ont_10389.owl;SubClassOf(<http://purl.obolibrary.org/obo/MP_0005118> <http://purl.obolibrary.org/obo/MP_0005418>);2.0;1.0;2.0;1.0;0;0
ore_ont_10389.owl;SubClassOf(<http://purl.obolibrary.org/obo/MP_0009643> <http://purl.obolibrary.org/obo/MP_0000001>);2.0;0.5041899441340781;6.0;0.3156424581005585;1;0
ore_ont_10389.owl;SubClassOf(<http://purl.obolibrary.org/obo/MP_0002206> <http://purl.obolibrary.org/obo/MP_0003633>);1.0;0.589540412044374;2.0;0.2725832012678288;1;0
ore_ont_10389.owl;SubClassOf(<http://purl.obolibrary.org/obo/MP_0005563> <http://purl.obolibrary.org/obo/MP_0002447>);1.0;0.7504322766570606;2.0;0.5256484149855909;1;0
ore_ont_10389.owl;SubClassOf(<http://purl.obolibrary.org/obo/MP_0005325> <http://purl.obolibrary.org/obo/MP_0002135>);1.0;0.763853904282116;1.0;0.763853904282116;0;0
ore_ont_8329.owl;SubClassOf(<http://purl.obolibrary.org/obo/ZFA_0000005> <http://purl.obolibrary.org/obo/ZFA_0001488>);1.0;0.962012947355564;2.0;0.9811489760188918;1;0
ore_ont_8329.owl;SubClassOf(<http://purl.obolibrary.org/obo/ZFA_0001591> <http://purl.obolibrary.org/obo/ZFA_0001477>);1.0;0.9099503663436544;5.0;0.9806192389506032;1;0
ore_ont_12161.owl;SubClassOf(<http://purl.obolibrary.org/obo/MP_0002962> <http://purl.obolibrary.org/obo/MP_0009643>);1.0;0.424646781789639;2.0;0.7001569858712716;1;0
ore_ont_12161.owl;SubClassOf(<http://purl.obolibrary.org/obo/MP_0009643> <http://purl.obolibrary.org/obo/MP_0000001>);2.0;0.5021037868162692;6.0;0.3127629733520337;1;0
ore_ont_12161.owl;SubClassOf(<http://purl.obolibrary.org/obo/MP_0002206> <http://purl.obolibrary.org/obo/MP_0003633>);1.0;0.5839524517087668;2.0;0.2555720653789005;1;0
ore_ont_12161.owl;SubClassOf(<http://purl.obolibrary.org/obo/MP_0005563> <http://purl.obolibrary.org/obo/MP_0002447>);1.0;0.7453098351335986;2.0;0.51847640704946;1;0
ore_ont_12161.owl;SubClassOf(<http://purl.obolibrary.org/obo/MP_0008987> <http://purl.obolibrary.org/obo/MP_0000598>);1.0;0.3556638246041413;2.0;0.6552984165651644;1;0
ore_ont_12161.owl;SubClassOf(<http://purl.obolibrary.org/obo/MP_0005325> <http://purl.obolibrary.org/obo/MP_0002135>);1.0;0.76375;1.0;0.76375;0;0
ore_ont_6751.owl;SubClassOf(<http://purl.obolibrary.org/obo/MP_0002962> <http://purl.obolibrary.org/obo/MP_0009643>);1.0;0.4517576664173522;2.0;0.7142857142857142;1;0
ore_ont_6751.owl;SubClassOf(<http://purl.obolibrary.org/obo/MP_0009643> <http://purl.obolibrary.org/obo/MP_0000001>);2.0;0.5316622691292876;6.0;0.3535620052770449;1;0
ore_ont_6751.owl;SubClassOf(<http://purl.obolibrary.org/obo/MP_0002206> <http://purl.obolibrary.org/obo/MP_0003633>);1.0;0.6050775740479548;2.0;0.2933709449929478;1;0
ore_ont_6751.owl;SubClassOf(<http://purl.obolibrary.org/obo/MP_0005563> <http://purl.obolibrary.org/obo/MP_0002447>);1.0;0.7553249590387767;2.0;0.5374112506826871;1;0
ore_ont_6751.owl;SubClassOf(<http://purl.obolibrary.org/obo/MP_0008987> <http://purl.obolibrary.org/obo/MP_0000598>);1.0;0.3891454965357968;2.0;0.6732101616628176;1;0
ore_ont_6751.owl;SubClassOf(<http://purl.obolibrary.org/obo/MP_0005325> <http://purl.obolibrary.org/obo/MP_0002135>);1.0;0.7726999398677089;1.0;0.7726999398677089;0;0
ore_ont_11452.owl;SubClassOf(<http://purl.obolibrary.org/obo/MP_0002962> <http://purl.obolibrary.org/obo/MP_0009643>);1.0;0.424646781789639;2.0;0.7001569858712716;1;0
ore_ont_11452.owl;SubClassOf(<http://purl.obolibrary.org/obo/MP_0009643> <http://purl.obolibrary.org/obo/MP_0000001>);2.0;0.5021037868162692;6.0;0.3127629733520337;1;0
ore_ont_11452.owl;SubClassOf(<http://purl.obolibrary.org/obo/MP_0002206> <http://purl.obolibrary.org/obo/MP_0003633>);1.0;0.5824817518248177;2.0;0.2510948905109489;1;0
ore_ont_11452.owl;SubClassOf(<http://purl.obolibrary.org/obo/MP_0005563> <http://purl.obolibrary.org/obo/MP_0002447>);1.0;0.7453098351335986;2.0;0.51847640704946;1;0
ore_ont_11452.owl;SubClassOf(<http://purl.obolibrary.org/obo/MP_0008987> <http://purl.obolibrary.org/obo/MP_0000598>);1.0;0.3556638246041413;2.0;0.6552984165651644;1;0
ore_ont_11452.owl;SubClassOf(<http://purl.obolibrary.org/obo/MP_0005325> <http://purl.obolibrary.org/obo/MP_0002135>);1.0;0.76375;1.0;0.76375;0;0
ore_ont_4732.owl;SubClassOf(<http://purl.obolibrary.org/obo/MP_0002962> <http://purl.obolibrary.org/obo/MP_0009643>);1.0;0.4227517294388931;2.0;0.6971560338201382;1;0
ore_ont_4732.owl;SubClassOf(<http://purl.obolibrary.org/obo/MP_0009643> <http://purl.obolibrary.org/obo/MP_0000001>);2.0;0.4958791208791208;6.0;0.3269230769230768;1;0
ore_ont_4732.owl;SubClassOf(<http://purl.obolibrary.org/obo/MP_0002206> <http://purl.obolibrary.org/obo/MP_0003633>);1.0;0.5832106038291607;2.0;0.2533136966126658;1;0
ore_ont_4732.owl;SubClassOf(<http://purl.obolibrary.org/obo/MP_0005563> <http://purl.obolibrary.org/obo/MP_0002447>);1.0;0.7461756373937677;2.0;0.520113314447592;1;0
ore_ont_4732.owl;SubClassOf(<http://purl.obolibrary.org/obo/MP_0005325> <http://purl.obolibrary.org/obo/MP_0002135>);1.0;0.76375;1.0;0.76375;0;0
ore_ont_9612.owl;SubClassOf(<http://purl.obolibrary.org/obo/IMR_0000299> <http://purl.obolibrary.org/obo/IMR_0010044>);1.0;0.9993077702786224;3.0;0.9994870083314792;1;0
ore_ont_9612.owl;SubClassOf(<http://purl.obolibrary.org/obo/IMR_0000191> <http://purl.obolibrary.org/obo/IMR_0000949>);1.0;0.9967726327319892;2.0;0.9961342154691863;1;0
ore_ont_6358.owl;SubClassOf(<http://purl.obolibrary.org/obo/HP_0005920> <http://purl.obolibrary.org/obo/HP_0001155>);3.0;0.901323706377858;5.0;0.8451664661050944;1;0
ore_ont_6358.owl;SubClassOf(<http://purl.obolibrary.org/obo/HP_0003355> <http://purl.obolibrary.org/obo/HP_0003110>);1.0;0.8009313154831201;2.0;0.970314318975553;1;0
ore_ont_7218.owl;SubClassOf(<http://purl.obolibrary.org/obo/ZFA_0000005> <http://purl.obolibrary.org/obo/ZFA_0001488>);1.0;0.9710168185903196;2.0;0.9861021954037746;1;0
ore_ont_7218.owl;SubClassOf(<http://purl.obolibrary.org/obo/ZFA_0001591> <http://purl.obolibrary.org/obo/ZFA_0001477>);1.0;0.9242541483965268;5.0;0.9842375261513776;1;0
ore_ont_4460.owl;SubClassOf(<http://purl.obolibrary.org/obo/HP_0003355> <http://purl.obolibrary.org/obo/HP_0003110>);1.0;0.7991990846681923;2.0;0.9691075514874145;1;0
ore_ont_4460.owl;SubClassOf(<http://purl.obolibrary.org/obo/HP_0005918> <http://purl.obolibrary.org/obo/HP_0001155>);1.0;0.8771152296535052;2.0;0.7606768734891217;1;0
ore_ont_8492.owl;SubClassOf(<http://purl.obolibrary.org/obo/WBbt_0004708> <http://purl.obolibrary.org/obo/WBbt_0007030>);1.0;0.9942059985566916;2.0;0.987664384023924;1;0
ore_ont_8492.owl;SubClassOf(<http://purl.obolibrary.org/obo/WBbt_0008071> <http://purl.obolibrary.org/obo/WBbt_0008074>);2.0;0.9997814668011648;2.0;0.9997814668011648;0;0
ore_ont_8492.owl;SubClassOf(<http://purl.obolibrary.org/obo/WBbt_0005371> <http://purl.obolibrary.org/obo/WBbt_0005135>);1.0;0.9998113721627228;2.0;0.999559868379687;1;0
ore_ont_13000.owl;SubClassOf(<http://purl.obolibrary.org/obo/WBbt_0008071> <http://purl.obolibrary.org/obo/WBbt_0008074>);2.0;0.9985124280831073;2.0;0.9985124280831073;0;0
ore_ont_13000.owl;SubClassOf(<http://purl.obolibrary.org/obo/WBbt_0005371> <http://purl.obolibrary.org/obo/WBbt_0005135>);1.0;0.999312108283884;2.0;0.9988535138064728;1;0
ore_ont_13000.owl;SubClassOf(<http://purl.obolibrary.org/obo/WBbt_0007688> <http://purl.obolibrary.org/obo/WBbt_0007030>);2.0;0.988118858960892;2.0;0.987816264864935;0;0
ore_ont_6198.owl;SubClassOf(<http://purl.obolibrary.org/obo/TO_0000439> <http://purl.obolibrary.org/obo/OBA_0000001>);1.0;0.955848561111719;6.0;0.9544534412955464;1;0
ore_ont_4226.owl;SubClassOf(<http://purl.obolibrary.org/obo/WBbt_0008070> <http://purl.obolibrary.org/obo/WBbt_0008074>);1.0;0.9998871295154608;2.0;1.0;1;0
ore_ont_4226.owl;SubClassOf(<http://purl.obolibrary.org/obo/WBbt_0008071> <http://purl.obolibrary.org/obo/WBbt_0008074>);2.0;0.999563369092596;2.0;0.999563369092596;0;0
ore_ont_4226.owl;SubClassOf(<http://purl.obolibrary.org/obo/WBbt_0005371> <http://purl.obolibrary.org/obo/WBbt_0005135>);1.0;0.9996985570054916;2.0;0.9994102202281356;1;0
ore_ont_8864.owl;SubClassOf(<http://purl.obolibrary.org/obo/__spinal_cord_and_meninges> <http://purl.obolibrary.org/obo/MA_0002405>);1.0;1.0;1.0;1.0;0;0
ore_ont_11502.owl;SubClassOf(<http://purl.org/obo/owl/IEV#IEV_0001451> <http://purl.org/obo/owl/IEV#IEV_0000818>);1.0;0.9654909921339764;3.0;0.9831684005751502;1;0
ore_ont_11502.owl;SubClassOf(<http://purl.org/obo/owl/IEV#IEV_0000022> <http://purl.org/obo/owl/IEV#IEV_0000184>);1.0;0.9426119901938936;3.0;0.9611098729663472;1;0
ore_ont_11502.owl;SubClassOf(<http://purl.org/obo/owl/IEV#IEV_0001257> <http://purl.org/obo/owl/IEV#IEV_0001842>);1.0;0.963769831873076;2.0;0.9820033151787828;1;0
ore_ont_11502.owl;SubClassOf(<http://purl.org/obo/owl/IEV#IEV_0000025> <http://purl.org/obo/owl/IEV#IEV_0000913>);1.0;0.8734074274871239;3.0;0.8655462184873949;1;0
ore_ont_11502.owl;SubClassOf(<http://purl.org/obo/owl/IEV#IEV_0000025> <http://purl.org/obo/owl/IEV#IEV_0000005>);1.0;0.933598607311614;2.0;0.9680676448644616;1;0
ore_ont_3406.owl;SubClassOf(<http://purl.obolibrary.org/obo/CHEBI_58945> <http://purl.obolibrary.org/obo/CHEBI_24431>);1.0;0.7698145025295109;1.0;0.7698145025295109;0;0
ore_ont_3406.owl;SubClassOf(<http://purl.obolibrary.org/obo/CHEBI_57299> <http://purl.obolibrary.org/obo/CHEBI_38101>);1.0;0.9867818295562324;3.0;0.9866809274917764;1;0
ore_ont_935.owl;SubClassOf(<http://purl.obolibrary.org/obo/FYPO_0001362> <http://purl.obolibrary.org/obo/FYPO_0000002>);27.0;1.0003350083752092;21.0;0.9987283355553276;0;1
ore_ont_935.owl;SubClassOf(<http://purl.obolibrary.org/obo/FYPO_0001330> <http://purl.obolibrary.org/obo/PATO_0001159>);3.0;0.998397944950074;3.0;0.998397944950074;0;0
ore_ont_935.owl;SubClassOf(<http://purl.obolibrary.org/obo/FYPO_0001362> <http://purl.obolibrary.org/obo/PATO_0000001>);6.0;1.0;5.0;0.9997324240324384;0;1
ore_ont_935.owl;SubClassOf(<http://purl.obolibrary.org/obo/CL_0000334> <http://purl.obolibrary.org/obo/CL_0000000>);1.0;0.9983636620115672;4.0;0.9972069403300886;1;0
ore_ont_935.owl;SubClassOf(<http://purl.obolibrary.org/obo/FYPO_0001330> <http://purl.obolibrary.org/obo/PATO_0001162>);2.0;1.0001236425082944;2.0;1.0001236425082944;0;0
ore_ont_935.owl;SubClassOf(<http://purl.obolibrary.org/obo/GO_0071850> <http://purl.obolibrary.org/obo/GO_0065007>);1.0;0.9989947648147778;2.0;1.001005235185222;1;0
ore_ont_11081.owl;SubClassOf(<http://purl.obolibrary.org/obo/FYPO_0001362> <http://purl.obolibrary.org/obo/FYPO_0000002>);27.0;1.000523938673959;20.0;0.9996637826691172;0;1
ore_ont_11081.owl;SubClassOf(<http://purl.obolibrary.org/obo/PATO_0002052> <http://purl.obolibrary.org/obo/PATO_0000001>);15.0;0.994500049961696;6.0;1.000524597808347;0;1
ore_ont_11081.owl;SubClassOf(<http://purl.obolibrary.org/obo/CL_0000334> <http://purl.obolibrary.org/obo/CL_0000000>);1.0;0.9989710336258446;4.0;0.9981750407703658;1;0
ore_ont_11081.owl;SubClassOf(<http://purl.obolibrary.org/obo/GO_0072690> <http://purl.obolibrary.org/obo/GO_0008150>);1.0;0.9999142408438702;2.0;1.0001393586287113;1;0
ore_ont_11081.owl;SubClassOf(<http://purl.obolibrary.org/obo/PATO_0000461> <http://purl.obolibrary.org/obo/PATO_0000001>);1.0;0.998311489909142;3.0;0.9976682479697676;1;0
ore_ont_11081.owl;SubClassOf(<http://purl.obolibrary.org/obo/PATO_0000460> <http://purl.obolibrary.org/obo/PATO_0000001>);2.0;0.998874531054606;3.0;0.998874531054606;1;0
ore_ont_7716.owl;SubClassOf(<http://purl.obolibrary.org/obo/FMA_10698> <http://purl.obolibrary.org/obo/FMA_70353>);1.0;0.9995874513461644;2.0;0.999641262040143;1;0
ore_ont_6102.owl;SubClassOf(<http://www.absoluteiri.edu/RELAPPROXC11767> <http://purl.obolibrary.org/obo/BFO_0000004>);1.0;0.9954315394385151;1.0;0.9954315394385151;0;0
ore_ont_10778.owl;SubClassOf(<http://purl.obolibrary.org/obo/GO_0030154> <http://purl.obolibrary.org/obo/GO_0044767>);2.0;0.5928400954653938;2.0;0.5928400954653938;0;0
ore_ont_10778.owl;SubClassOf(<http://purl.obolibrary.org/obo/GO_0007338> <http://purl.obolibrary.org/obo/GO_0044702>);1.0;0.5690348525469169;2.0;0.163538873994638;1;0
ore_ont_13243.owl;SubClassOf(<http://purl.obolibrary.org/obo/GO_0030154> <http://purl.obolibrary.org/obo/GO_0044767>);2.0;0.5934223069590084;2.0;0.5934223069590084;0;0
ore_ont_10175.owl;SubClassOf(<http://purl.obolibrary.org/obo/GO_0022402> <http://purl.obolibrary.org/obo/GO_0044763>);1.0;0.2073778664007976;1.0;0.2073778664007976;0;0
ore_ont_10175.owl;SubClassOf(<http://purl.obolibrary.org/obo/GO_0030154> <http://purl.obolibrary.org/obo/GO_0044767>);2.0;0.5926275992438563;2.0;0.5926275992438563;0;0
ore_ont_10175.owl;SubClassOf(<http://purl.obolibrary.org/obo/GO_0048523> <http://purl.obolibrary.org/obo/GO_0065007>);9.0;0.5756613756613758;8.0;0.6402116402116402;0;1
ore_ont_10175.owl;SubClassOf(<http://purl.obolibrary.org/obo/GO_0005887> <http://purl.obolibrary.org/obo/GO_0044459>);5.0;0.7881679389312978;4.0;0.241412213740458;0;1
ore_ont_10175.owl;SubClassOf(<http://purl.obolibrary.org/obo/GO_0022412> <http://purl.obolibrary.org/obo/GO_0048610>);4.0;0.3022026431718061;4.0;0.3022026431718061;0;0
ore_ont_5781.owl;SubClassOf(<http://purl.org/obo/owl/IMR#IMR_0000299> <http://purl.org/obo/owl/IMR#IMR_0010044>);1.0;0.9992949972211016;3.0;0.999675668268023;1;0
ore_ont_5781.owl;SubClassOf(<http://purl.org/obo/owl/IMR#IMR_0000191> <http://purl.org/obo/owl/IMR#IMR_0000949>);1.0;0.9976299676859566;2.0;0.9971514276863092;1;0
ore_ont_15696.owl;SubClassOf(<http://purl.obolibrary.org/obo/VTO_9024755> <http://purl.obolibrary.org/obo/VTO_9024187>);1.0;0.6781812813699438;3.0;0.1036315323294951;1;0
ore_ont_11293.owl;SubClassOf(<http://purl.obolibrary.org/obo/CHEBI_75766> <http://purl.obolibrary.org/obo/CHEBI_25212>);3.0;0.8285714285714285;5.0;0.7068027210884354;1;0
ore_ont_11293.owl;SubClassOf(<http://purl.obolibrary.org/obo/CHEBI_15904> <http://purl.obolibrary.org/obo/CHEBI_25384>);1.0;0.9625999807266068;2.0;0.906466223378626;1;0
ore_ont_11293.owl;SubClassOf(<http://purl.obolibrary.org/obo/CHEBI_58945> <http://purl.obolibrary.org/obo/CHEBI_50860>);1.0;0.7412500420266954;3.0;0.4853578993376591;1;0
ore_ont_11293.owl;SubClassOf(<http://purl.obolibrary.org/obo/CHEBI_25705> <http://purl.obolibrary.org/obo/CHEBI_36683>);1.0;0.7525198593566871;2.0;0.5053262143508269;1;0
ore_ont_11293.owl;SubClassOf(<http://purl.obolibrary.org/obo/CHEBI_58342> <http://purl.obolibrary.org/obo/CHEBI_58945>);1.0;0.5399312011900336;2.0;0.7656191892896989;1;0
ore_ont_15929.owl;SubClassOf(<http://purl.obolibrary.org/obo/CHEBI_75766> <http://purl.obolibrary.org/obo/CHEBI_25212>);3.0;0.8859184143811938;5.0;0.8054851348236921;1;0
ore_ont_15929.owl;SubClassOf(<http://purl.obolibrary.org/obo/CHEBI_15904> <http://purl.obolibrary.org/obo/CHEBI_25384>);1.0;0.9624090737386556;2.0;0.905930668423041;1;0
ore_ont_15929.owl;SubClassOf(<http://purl.obolibrary.org/obo/CHEBI_58945> <http://purl.obolibrary.org/obo/CHEBI_50860>);1.0;0.7420569545775477;3.0;0.4859630837507983;1;0
ore_ont_15929.owl;SubClassOf(<http://purl.obolibrary.org/obo/CHEBI_25705> <http://purl.obolibrary.org/obo/CHEBI_36683>);1.0;0.748999051733221;2.0;0.4988410072700452;1;0
ore_ont_15929.owl;SubClassOf(<http://purl.obolibrary.org/obo/CHEBI_58342> <http://purl.obolibrary.org/obo/CHEBI_58945>);1.0;0.5292004662559172;2.0;0.7601874539096507;1;0
ore_ont_10248.owl;SubClassOf(<http://purl.obolibrary.org/obo/CHEBI_75766> <http://purl.obolibrary.org/obo/CHEBI_25212>);3.0;0.6723608445297505;5.0;0.4287907869481765;1;0
ore_ont_10248.owl;SubClassOf(<http://purl.obolibrary.org/obo/CHEBI_58945> <http://purl.obolibrary.org/obo/CHEBI_50860>);1.0;0.7507708276093661;3.0;0.5042281039167202;1;0
ore_ont_10248.owl;SubClassOf(<http://purl.obolibrary.org/obo/CHEBI_25705> <http://purl.obolibrary.org/obo/CHEBI_36683>);1.0;0.7648478882482541;2.0;0.530023906623541;1;0
ore_ont_5612.owl;SubClassOf(<http://purl.obolibrary.org/obo/CHEBI_75766> <http://purl.obolibrary.org/obo/CHEBI_25212>);3.0;0.6941081517352704;5.0;0.4667742803336024;1;0
ore_ont_5612.owl;SubClassOf(<http://purl.obolibrary.org/obo/CHEBI_58945> <http://purl.obolibrary.org/obo/CHEBI_50860>);1.0;0.7545768826093491;3.0;0.5117991883360891;1;0
ore_ont_5612.owl;SubClassOf(<http://purl.obolibrary.org/obo/CHEBI_25705> <http://purl.obolibrary.org/obo/CHEBI_36683>);1.0;0.7880991876143083;2.0;0.5750287099655481;1;0
ore_ont_2803.owl;SubClassOf(<http://purl.obolibrary.org/obo/CHEBI_75766> <http://purl.obolibrary.org/obo/CHEBI_25212>);3.0;0.6770588235294117;5.0;0.44;1;0
ore_ont_2803.owl;SubClassOf(<http://purl.obolibrary.org/obo/CHEBI_15904> <http://purl.obolibrary.org/obo/CHEBI_25384>);1.0;0.9618244771891168;2.0;0.9042906887529264;1;0
ore_ont_2803.owl;SubClassOf(<http://purl.obolibrary.org/obo/CHEBI_58945> <http://purl.obolibrary.org/obo/CHEBI_50860>);1.0;0.746706725213774;3.0;0.4952292911618078;1;0
ore_ont_2803.owl;SubClassOf(<http://purl.obolibrary.org/obo/CHEBI_25705> <http://purl.obolibrary.org/obo/CHEBI_36683>);1.0;0.7526761297043886;2.0;0.5053262143508269;1;0
ore_ont_2803.owl;SubClassOf(<http://purl.obolibrary.org/obo/CHEBI_58342> <http://purl.obolibrary.org/obo/CHEBI_58945>);1.0;0.5107890578708276;2.0;0.7505184673118704;1;0
ore_ont_5927.owl;SubClassOf(<http://purl.obolibrary.org/obo/FMA_9140> <http://purl.obolibrary.org/obo/FMA_85544>);1.0;0.934736131427928;3.0;0.9715314504332168;1;0
ore_ont_5927.owl;SubClassOf(<http://purl.obolibrary.org/obo/FMA_4687> <http://purl.obolibrary.org/obo/FMA_63812>);1.0;0.8105210918114142;2.0;0.9102729528535976;1;0
ore_ont_5927.owl;SubClassOf(<http://purl.obolibrary.org/obo/FMA_49894> <http://purl.obolibrary.org/obo/FMA_55672>);1.0;0.8720095124851366;4.0;0.655695600475624;1;0
ore_ont_6722.owl;SubClassOf(<http://purl.obolibrary.org/obo/SO_0000965> <http://purl.obolibrary.org/obo/SO_0000340>);1.0;0.9809311346462648;2.0;0.9904232091811916;1;0
ore_ont_7868.owl;SubClassOf(<http://purl.obolibrary.org/obo/GO_0048523> <http://purl.obolibrary.org/obo/GO_0065007>);7.0;0.9993175330036776;7.0;0.9994333086548391;0;0
ore_ont_7868.owl;SubClassOf(<http://purl.obolibrary.org/obo/CHEBI_36683> <http://purl.obolibrary.org/obo/CHEBI_50860>);1.0;0.9956018339644024;3.0;0.9967877718534546;1;0
ore_ont_7868.owl;SubClassOf(<http://purl.obolibrary.org/obo/GO_0015291> <http://purl.obolibrary.org/obo/GO_0022857>);1.0;0.9993875368315848;2.0;0.998957898489562;1;0
ore_ont_7868.owl;SubClassOf(<http://purl.obolibrary.org/obo/CHEBI_37512> <http://purl.obolibrary.org/obo/CHEBI_26079>);7.0;0.9961451927672098;7.0;0.9962167880106604;0;0
ore_ont_11519.owl;SubClassOf(<http://purl.obolibrary.org/obo/FMA_9140> <http://purl.obolibrary.org/obo/FMA_85544>);1.0;0.7523911683203719;3.0;0.8714579422544025;1;0
ore_ont_11519.owl;SubClassOf(<http://purl.obolibrary.org/obo/FMA_4687> <http://purl.obolibrary.org/obo/FMA_63812>);1.0;0.7705762549418954;2.0;0.890619384209896;1;0
ore_ont_4802.owl;SubClassOf(<http://purl.obolibrary.org/obo/CHEBI_33853> <http://purl.obolibrary.org/obo/CHEBI_50860>);6.0;0.1415053947593766;6.0;0.770851173146087;0;0
ore_ont_4802.owl;SubClassOf(<http://purl.obolibrary.org/obo/CHEBI_15904> <http://purl.obolibrary.org/obo/CHEBI_25384>);1.0;0.9233662635553284;2.0;0.8873133480951569;1;0
ore_ont_4802.owl;SubClassOf(<http://purl.obolibrary.org/obo/CHEBI_77746> <http://purl.obolibrary.org/obo/CHEBI_25212>);1.0;0.3758642363293525;4.0;0.2489000628535512;1;0
ore_ont_4802.owl;SubClassOf(<http://purl.obolibrary.org/obo/CHEBI_25235> <http://purl.obolibrary.org/obo/CHEBI_35618>);1.0;0.8806563063882166;2.0;0.9303408820690716;1;0
ore_ont_2828.owl;SubClassOf(<http://purl.obolibrary.org/obo/PR_Q8IUC6RELAPPROXQ2> <http://purl.obolibrary.org/obo/PR_000029067>);1.0;0.9832671718001562;1.0;0.9832671718001562;0;0
ore_ont_9400.owl;SubClassOf(<http://purl.org/obo/owl/GO#GO_0016274> <http://purl.org/obo/owl/GO#GO_0008757>);1.0;0.9817493112947658;2.0;1.0;1;0
ore_ont_9400.owl;SubClassOf(<http://purl.org/obo/owl/GO#GO_0016616> <http://purl.org/obo/owl/GO#GO_0003674>);1.0;0.8082996694821889;4.0;0.7660668380462726;1;0
ore_ont_1579.owl;SubClassOf(<http://purl.obolibrary.org/obo/SO_0000965> <http://purl.obolibrary.org/obo/SO_0000340>);1.0;0.999888822117568;2.0;0.9999384161729666;1;0
ore_ont_1579.owl;SubClassOf(<http://purl.obolibrary.org/obo/SO_0000234> <http://purl.obolibrary.org/obo/SO_0000673>);1.0;0.9996737047625242;2.0;0.999370868659769;1;0
ore_ont_1579.owl;SubClassOf(<http://purl.obolibrary.org/obo/SO_0000470> <http://purl.obolibrary.org/obo/SO_0001411>);1.0;0.9988616746453032;7.0;0.9993816460397732;1;0
ore_ont_9499.owl;SubClassOf(<http://purl.org/obo/owl/GO#GO_0005887> <http://purl.org/obo/owl/GO#GO_0044459>);2.0;1.0;2.0;1.0;0;0
ore_ont_12387.owl;SubClassOf(<http://purl.obolibrary.org/obo/NCBIGene_7177> <http://purl.obolibrary.org/obo/SO_0000336>);1.0;0.9999959023502752;3.0;1.0;1;0
ore_ont_11739.owl;SubClassOf(<http://purl.obolibrary.org/obo/UBERON_0002257-OMEO-0000001> <http://purl.obolibrary.org/obo/UBERON_0002240-OMEO-0000001>);3.0;0.5561733534666459;4.0;0.1065889558431295;1;0
ore_ont_11739.owl;SubClassOf(<http://purl.obolibrary.org/obo/UBERON_0002979-OMEO-0000001> <http://purl.obolibrary.org/obo/UBERON_0002037-OMEO-0000001>);1.0;0.4590079524000228;3.0;0.1756584091385853;1;0
