opt1 Average Runtime,Num of Justifications,defectAxiom,example,opt1 Standard Deviation,opt2 Std Dev %,opt2_Iteration_1,opt3_Iteration_3,opt1_Iteration_1,opt3_Iteration_1,opt1_Iteration_2,opt3_Iteration_2,Axiom Count,opt2 Average Runtime,opt3 Standard Deviation,Max Common Axioms,opt2 Standard Deviation,Module Axiom Count,opt3 Average Runtime,opt3 Std Dev %,opt1 Std Dev %,opt1_Iteration_3,Max Justification Size,opt2_Iteration_3,opt2_Iteration_2
6313,1,SubClassOf(<http://www.absoluteiri.edu/RELAPPROXC48> <http://www.absoluteiri.edu/RELAPPROXC37>),ore_ont_8937.owl,86.82,0.56,4390,4368,6242,4536,6410,4500,84,4363,88.45,0,24.56,1,4468,1.98,1.38,6288,1,4342,4357
4123,1,SubClassOf(<http://www.lexinfo.net/lmf#ExampleAxis> <http://www.lexinfo.net/lmf#LMFClass>),ore_ont_9509.owl,40.00,0.93,4148,4291,4164,4238,4084,4194,86,4187,48.57,0,39.00,1,4241,1.15,0.97,4123,1,4226,4188
4151,1,SubClassOf(<http://www.absoluteiri.edu/RELAPPROXC26> owl:Thing),ore_ont_10309.owl,63.02,1.16,4165,4119,4149,4314,4215,4087,55,4186,122.87,0,48.64,0,4173,2.94,1.52,4089,0,4242,4152
4086,1,SubClassOf(<http://www.w3.org/2005/Incubator/geo/XGR-geo/W3C_XGR_Geo_files/geo_2007.owl#Point> owl:Thing),ore_ont_1420.owl,48.51,1.33,4023,4145,4135,4058,4085,4021,81,4065,63.66,0,53.89,2,4074,1.56,1.19,4038,0,4047,4126
8385,1,SubClassOf(<http://www.cidoc-crm.org/cidoc-crm/E6_Destruction> <http://www.cidoc-crm.org/cidoc-crm/E5_Event>),ore_ont_13429.owl,137.50,2.17,4162,4379,8236,4312,8412,4564,98,4249,130.52,0,92.41,2,4418,2.95,1.64,8507,2,4239,4346
8434,1,SubClassOf(<http://www.owl-ontologies.com/unnamed.owl#Desapontamento> <http://www.owl-ontologies.com/unnamed.owl#Satisfeito_Insatisfeito>),ore_ont_9854.owl,47.01,3.24,4510,4526,8396,4734,8421,4486,96,4433,133.15,0,143.62,4,4582,2.91,0.56,8487,4,4523,4268
4212,1,SubClassOf(<http://www.absoluteiri.edu/RELAPPROXC21> owl:Thing),ore_ont_8974.owl,129.28,1.83,4044,4104,4333,4072,4076,4266,95,4120,104.01,0,75.53,0,4147,2.51,3.07,4229,0,4123,4195
8328,2,SubClassOf(<file:/media/owl/Seagate%20Expansion%20Drive/mowlcorp_rep/mowlcorp_2014.10.07_orig/files/F17_Aggregation_Work> <file:/media/owl/Seagate%20Expansion%20Drive/mowlcorp_rep/mowlcorp_2014.10.07_orig/files/E89_Propositional_Object>),ore_ont_3909.owl,112.01,0.18,4182,4458,8441,4536,8326,4273,62,4187,135.08,1,7.57,5,4422,3.05,1.35,8217,3,4184,4196
6209,1,SubClassOf(<http://www.owl-ontologies.com/Ontology1324330201.owl#CoreProperty> <http://www.absoluteiri.edu/RELAPPROXC86>),ore_ont_2036.owl,86.63,1.63,4247,4422,6221,4159,6117,4297,94,4245,131.55,0,69.01,1,4292,3.06,1.40,6289,1,4314,4176
6265,1,SubClassOf(<http://www.absoluteiri.edu/RELAPPROXC75> <http://www.absoluteiri.edu/RELAPPROXC88>),ore_ont_508.owl,128.71,1.25,4403,4505,6128,4196,6383,4340,95,4388,154.62,0,55.05,1,4347,3.56,2.05,6286,1,4434,4327
8366,1,SubClassOf(<http://semanticscience.org/HoogsteenSugarBasePair> <http://semanticscience.org/Process>),ore_ont_16076.owl,124.19,2.35,4383,4526,8510,4539,8291,4489,186,4320,25.94,0,101.42,5,4518,0.57,1.48,8299,5,4203,4374
6302,1,SubClassOf(<http://www.absoluteiri.edu/RELAPPROXC138> <http://www.absoluteiri.edu/RELAPPROXC145>),ore_ont_7270.owl,94.62,1.84,4248,4206,6406,4496,6279,4220,99,4319,163.54,0,79.48,1,4307,3.80,1.50,6221,1,4305,4405
8275,1,SubClassOf(<http://www.bioassayontology.org/bao#BAO_0002339> <http://www.bioassayontology.org/bao#BAO_0002335>),ore_ont_13643.owl,59.08,0.48,4314,4342,8341,4444,8226,4286,181,4299,80.11,0,20.65,2,4357,1.84,0.71,8260,2,4309,4276
8370,1,SubClassOf(<http://purl.obolibrary.org/obo/sep_00087> <http://purl.obolibrary.org/obo/sep_00074>),ore_ont_6735.owl,149.03,2.57,4447,4503,8223,4646,8367,4761,213,4422,129.25,0,113.47,4,4636,2.79,1.78,8521,4,4522,4299
8334,1,SubClassOf(<http://ontology.dumontierlab.com/biological-measure-primitive-1.0.owl#LowReductionInChildDepressionScore> <http://ontology.dumontierlab.com/biological-measure-primitive-1.0.owl#ChildDepressionMeasure>),ore_ont_3082.owl,171.00,1.85,4341,4213,8525,4318,8285,4340,120,4250,67.87,0,78.53,2,4290,1.58,2.05,8194,2,4204,4206
8288,1,SubClassOf(<http://purl.obolibrary.org/obo/MFOEM_000146> <http://purl.obolibrary.org/obo/OGMS_0000060>),ore_ont_9031.owl,35.23,0.97,4204,4401,8260,4318,8328,4422,216,4245,54.99,0,41.00,3,4380,1.26,0.43,8278,3,4286,4245
8284,1,SubClassOf(<http://purl.obolibrary.org/obo/GRO_0007057> <http://purl.obolibrary.org/obo/GRO_0007156>),ore_ont_13530.owl,58.92,7.64,4291,4998,8336,4342,8296,4465,235,4432,348.70,0,338.51,2,4601,7.58,0.71,8220,2,4819,4188
8977,1,SubClassOf(<https://raw.github.com/ontohub/OOR_Ontohub_API/master/Domain_Fields_Core.owl#Plastic_processing> <https://raw.github.com/ontohub/OOR_Ontohub_API/master/Domain_Fields_Core.owl#ManufacturingAndProcessing>),ore_ont_3463.owl,203.37,0.72,4925,5124,8999,5095,9169,4931,122,4907,104.07,0,35.35,2,5050,2.06,2.27,8764,2,4931,4867
8995,1,SubClassOf(<http://purl.obolibrary.org/obo/XEO_00079> <http://purl.obolibrary.org/obo/XEO_00001>),ore_ont_5090.owl,24.68,0.93,4987,5085,8968,5409,9016,4935,237,4943,242.26,0,46.18,4,5143,4.71,0.27,9002,4,4948,4895
4727,1,SubClassOf(<http://www.absoluteiri.edu/RELAPPROXC194> owl:Thing),ore_ont_10536.owl,373.63,2.67,4647,4596,5150,4625,4589,4744,191,4780,78.43,0,127.42,0,4655,1.68,7.90,4442,0,4792,4901
8888,1,SubClassOf(<file:/media/owl/Seagate%20Expansion%20Drive/mowlcorp_rep/mowlcorp_2014.10.07_orig/files/15142ae8-c9b2-4e1a-ac58-284d3db0504a_CIDOC1.rdf#E38.Image> <file:/media/owl/Seagate%20Expansion%20Drive/mowlcorp_rep/mowlcorp_2014.10.07_orig/files/15142ae8-c9b2-4e1a-ac58-284d3db0504a_CIDOC1.rdf#E28.Conceptual_Object>),ore_ont_2876.owl,131.00,0.88,4836,5104,8749,5004,9009,5081,93,4805,52.37,0,42.36,3,5063,1.03,1.47,8907,3,4823,4757
9044,1,SubClassOf(<file:/media/owl/Seagate%20Expansion%20Drive/mowlcorp_rep/mowlcorp_2014.10.07_orig/files/75a65645-51c9-4fe9-9f71-443fde726c1a__v5.0.1__.rdfs#E29_> <file:/media/owl/Seagate%20Expansion%20Drive/mowlcorp_rep/mowlcorp_2014.10.07_orig/files/75a65645-51c9-4fe9-9f71-443fde726c1a__v5.0.1__.rdfs#E89_>),ore_ont_15145.owl,135.57,2.44,4790,5011,9177,4822,9049,5230,98,4882,204.18,0,119.27,2,5021,4.07,1.50,8906,2,4840,5017
9142,1,SubClassOf(<http://purl.obolibrary.org/obo/APO_0000278> <http://purl.obolibrary.org/obo/APO_0000001>),ore_ont_15576.owl,91.15,1.62,4926,5221,9136,5046,9054,5174,266,4987,90.57,0,80.88,2,5147,1.76,1.00,9236,2,5079,4957
6866,1,SubClassOf(<http://www.absoluteiri.edu/RELAPPROXC167> <http://www.absoluteiri.edu/RELAPPROXC158>),ore_ont_11522.owl,45.00,8.65,4920,4879,6911,5014,6866,4921,271,5107,69.09,0,441.86,1,4938,1.40,0.66,6821,1,5612,4790
4785,1,SubClassOf(<http://purl.obolibrary.org/obo/GO_0006364> ObjectSomeValuesFrom(<http://purl.obolibrary.org/obo/BFO_0000050> <http://purl.obolibrary.org/obo/GO_0008150>)),ore_ont_8806.owl,79.39,4.13,5203,4632,4844,4554,4817,4828,274,4970,141.17,0,205.24,2,4671,3.02,1.66,4695,1,4891,4816
8967,1,SubClassOf(<file:/media/owl/Seagate%20Expansion%20Drive/mowlcorp_rep/mowlcorp_2014.10.07_orig/files/c6907ef3-a626-4b34-a474-15a4563b7f29_ish_label.rdfs#E67.Birth> <file:/media/owl/Seagate%20Expansion%20Drive/mowlcorp_rep/mowlcorp_2014.10.07_orig/files/c6907ef3-a626-4b34-a474-15a4563b7f29_ish_label.rdfs#E4.Period>),ore_ont_5742.owl,204.14,2.36,5000,5149,9118,5136,9049,5033,98,5008,63.55,0,118.24,3,5106,1.24,2.28,8735,3,4895,5131
9130,1,SubClassOf(<http://purl.obolibrary.org/obo/ID_0000055> <http://purl.obolibrary.org/obo/ID_0000034>),ore_ont_6207.owl,141.86,1.91,4935,5230,9266,5320,8983,5526,281,4950,151.74,0,94.48,5,5358,2.83,1.55,9142,5,5052,4865
8959,2,SubClassOf(<http://www.sensocomune.org/ontologies/SensoComune.owl#Agent> <http://www.absoluteiri.edu/RELAPPROXC21>),ore_ont_5089.owl,393.14,2.37,5020,5454,9286,5361,9069,5285,223,5138,84.64,2,121.62,58,5366,1.58,4.39,8523,4,5263,5132
5013,1,SubClassOf(<http://purl.obolibrary.org/obo/XAO_1000073> ObjectSomeValuesFrom(<http://purl.obolibrary.org/obo/BFO_0000050> <http://purl.obolibrary.org/obo/XAO_1000091>)),ore_ont_11497.owl,135.50,7.00,4815,5491,5128,4953,4864,4637,279,5074,431.78,0,355.06,141,5027,8.59,2.70,5049,1,5479,4929
9298,1,SubClassOf(<http://purl.obolibrary.org/obo/PO_0007626> <http://purl.obolibrary.org/obo/PO_0007606>),ore_ont_16626.owl,209.97,5.92,5082,5333,9376,5289,9061,5416,313,5252,64.49,0,310.74,3,5346,1.21,2.26,9459,3,5611,5064
9093,1,SubClassOf(<http://cbmi.med.harvard.edu/asdphenotype#Class_233> <http://cbmi.med.harvard.edu/asdphenotype#Class_166>),ore_ont_11639.owl,386.77,5.01,5299,5236,9540,5121,8857,5226,283,5021,63.71,0,251.58,3,5194,1.23,4.25,8884,3,4955,4809
4853,1,SubClassOf(<http://purl.obolibrary.org/obo/UO_0000263> <http://purl.obolibrary.org/obo/UO_0000261>),ore_ont_4767.owl,50.86,1.64,4669,4804,4900,4751,4799,4844,347,4742,46.65,0,77.78,1,4799,0.97,1.05,4860,1,4735,4824
9093,1,SubClassOf(<http://purl.obolibrary.org/obo/CL_0000101> <http://purl.obolibrary.org/obo/CL_0000144>),ore_ont_2753.owl,57.98,3.14,4785,5413,9111,5392,9141,5245,366,4929,91.54,0,154.85,5,5350,1.71,0.64,9029,5,4911,5093
9015,1,SubClassOf(<http://purl.obolibrary.org/obo/VariO_0246> <http://purl.obolibrary.org/obo/VariO_0323>),ore_ont_13053.owl,125.26,2.72,5184,5274,9152,5181,8988,5148,399,5238,65.34,0,142.49,2,5201,1.26,1.39,8906,2,5131,5400
9010,1,SubClassOf(<http://purl.obolibrary.org/obo/AEO_0000216> <http://purl.obolibrary.org/obo/CARO_0000043>),ore_ont_11010.owl,29.96,2.05,5210,5083,9035,5492,8977,5368,372,5109,209.71,0,104.75,2,5314,3.95,0.33,9019,2,5001,5118
9109,1,SubClassOf(<http://purl.obolibrary.org/obo/SP_0000064> <http://purl.obolibrary.org/obo/SP_0000038>),ore_ont_7576.owl,49.22,2.26,5152,5260,9115,5311,9156,5031,422,5193,149.13,0,117.19,2,5200,2.87,0.54,9058,2,5103,5326
9087,1,SubClassOf(<http://purl.obolibrary.org/obo/DDANAT_0000407> <http://purl.obolibrary.org/obo/DDANAT_0000401>),ore_ont_14518.owl,84.96,1.70,4825,5090,9132,5328,9140,5308,347,4921,132.02,0,83.86,2,5242,2.52,0.94,8989,2,4965,4975
9182,3,SubClassOf(<http://purl.obolibrary.org/obo/OPL_0000163> <http://purl.obolibrary.org/obo/UBERON_0000105>),ore_ont_10516.owl,69.36,1.62,5057,5371,9235,5454,9209,5348,462,5048,55.76,2,81.87,8,5391,1.03,0.76,9104,4,4962,5125
9253,1,SubClassOf(<http://purl.obolibrary.org/obo/NCBITaxon_435440> <http://purl.obolibrary.org/obo/NCBITaxon_40674>),ore_ont_13301.owl,233.98,2.54,5277,5615,9501,5646,9036,5506,436,5283,73.53,0,134.10,13,5589,1.32,2.53,9223,13,5420,5152
9184,1,SubClassOf(<http://biomanta.sourceforge.net/2007/10/ncbi_taxo.owl#ncbi_taxo_367110> <http://biomanta.sourceforge.net/2007/10/ncbi_taxo.owl#ncbi_taxo_5140>),ore_ont_15068.owl,257.59,2.55,5250,5205,9476,5295,9089,5244,377,5101,45.13,0,130.09,4,5248,0.86,2.80,8988,2,5007,5048
4812,1,SubClassOf(<http://purl.obolibrary.org/obo/PI_00072> <http://purl.obolibrary.org/obo/PI_00041>),ore_ont_3418.owl,104.17,3.69,4722,4979,4830,4988,4906,5026,528,4896,24.95,0,180.82,1,4997,0.50,2.16,4700,1,4884,5083
9201,1,SubClassOf(<http://purl.obolibrary.org/obo/PRIDE_0000239> <http://purl.obolibrary.org/obo/PRIDE_0000187>),ore_ont_10056.owl,167.43,8.00,5765,5441,9025,5386,9222,5230,467,5284,109.45,0,422.62,2,5352,2.04,1.82,9358,2,5117,4971
9060,1,SubClassOf(<http://purl.obolibrary.org/obo/phi_0000361> <http://purl.obolibrary.org/obo/phi_0000259>),ore_ont_4382.owl,93.05,2.88,5409,5252,9072,5483,9147,5374,431,5245,115.56,0,151.15,2,5369,2.15,1.03,8962,2,5216,5111
9105,1,SubClassOf(<http://purl.obolibrary.org/obo/EO_0007031> <http://purl.obolibrary.org/obo/EO_0001001>),ore_ont_13234.owl,143.38,4.47,5167,5963,8972,5436,9257,5421,555,5370,308.68,0,240.08,3,5606,5.51,1.57,9087,3,5308,5635
9315,1,SubClassOf(<http://purl.obolibrary.org/obo/MMO_0000474> <http://purl.obolibrary.org/obo/MMO_0000489>),ore_ont_16730.owl,281.85,2.17,5158,5399,9639,5132,9183,5324,567,5151,137.71,0,111.63,2,5285,2.61,3.03,9124,2,5037,5260
9121,1,SubClassOf(<http://purl.org/net/miCLIP#PercentageDistributionByGender> <http://ncicb.nci.nih.gov/xml/owl/EVS/Thesaurus.owl#Percentage>),ore_ont_2066.owl,107.22,3.36,5405,5193,9224,5831,9010,5317,471,5228,338.28,0,175.51,47,5447,6.21,1.18,9129,2,5226,5054
6938,1,SubClassOf(<http://purl.obolibrary.org/obo/WBPhenotype_0000698> <http://purl.obolibrary.org/obo/PATO_0001557>),ore_ont_9695.owl,240.11,5.26,5275,4955,6840,5390,7212,4738,244,5017,332.02,0,263.67,1,5027,6.60,3.46,6763,1,4748,5028
8840,1,SubClassOf(<file:/media/owl/Seagate%20Expansion%20Drive/mowlcorp_rep/mowlcorp_2014.10.07_orig/files/ea19299c-ae9f-4f9a-a2de-3a52ee71e696_oldonto.rdf#PastaWithSpicyRedSauce> <http://www.absoluteiri.edu/RELAPPROXC43>),ore_ont_5966.owl,157.00,2.67,4790,4828,8998,5256,8684,5472,369,4907,327.76,0,131.11,4,5185,6.32,1.78,8839,4,4884,5049
8978,1,SubClassOf(<http://www.semanticweb.org/vanessa/ontologies/2012/7/untitled-ontology-33#INR> <http://www.semanticweb.org/vanessa/ontologies/2012/7/untitled-ontology-33#Laboratory_Tests>),ore_ont_11504.owl,126.41,3.20,4897,5582,8891,4945,8920,5128,401,5009,327.97,0,160.15,2,5218,6.28,1.41,9123,2,5193,4939
8840,3,SubClassOf(<http://purl.obolibrary.org/obo/GO_0044255> <http://purl.obolibrary.org/obo/GO_0008150>),ore_ont_637.owl,192.01,2.02,4854,5549,9014,5200,8872,5097,800,4941,236.89,1,99.62,8,5282,4.48,2.17,8634,4,5050,4921
8643,1,SubClassOf(<file:/media/owl/Seagate%20Expansion%20Drive/mowlcorp_rep/mowlcorp_2014.10.07_orig/files/87d0a399-d147-45f0-8680-92eb7f975195_ka.owl#ExecutableSpecificationLanguages> <http://www.absoluteiri.edu/RELAPPROXC376>),ore_ont_2713.owl,106.04,1.10,4867,5095,8536,5066,8647,4858,318,4807,129.28,0,53.11,4,5006,2.58,1.23,8748,4,4788,4766
8735,1,SubClassOf(<http://purl.obolibrary.org/obo/MPATH_754> <http://purl.obolibrary.org/obo/MPATH_45>),ore_ont_14901.owl,81.16,4.11,5199,4949,8780,4952,8785,4915,941,4969,20.55,0,204.21,3,4938,0.42,0.93,8642,3,4899,4809
8754,1,SubClassOf(<http://purl.obolibrary.org/obo/PORO_0000206RELAPPROXQ4> <http://purl.obolibrary.org/obo/PORO_0000206RELAPPROXQ2>),ore_ont_3349.owl,116.90,1.19,4878,5012,8676,5312,8889,5063,970,4937,160.52,0,58.51,75,5129,3.13,1.34,8699,2,4995,4938
8729,1,SubClassOf(<http://purl.obolibrary.org/obo/SPD_0000584> <http://purl.obolibrary.org/obo/SPD_0000014>),ore_ont_4671.owl,69.83,4.64,4535,4957,8790,5217,8745,4869,843,4784,180.95,0,222.18,2,5014,3.61,0.80,8653,2,4962,4855
8888,1,SubClassOf(<http://www.text2onto.org/ontology#unimodal_nocireceptor> <http://www.text2onto.org/ontology#receptor_cell>),ore_ont_12831.owl,181.63,2.99,5246,5060,8989,5442,8998,5270,1027,5084,191.31,0,151.81,2,5257,3.64,2.04,8679,2,5061,4945
8798,1,SubClassOf(<http://purl.obolibrary.org/obo/TO_0000524> <http://purl.obolibrary.org/obo/TO_0000114>),ore_ont_7220.owl,135.18,3.35,5047,5022,8925,4966,8814,5141,1175,4887,89.37,0,163.61,2,5043,1.77,1.54,8656,2,4894,4720
8858,1,SubClassOf(<http://cbo.biocomplexity.indiana.edu/svn/cbo/trunk/CBO_1_0.owl#AutophagicDeath> <http://www.absoluteiri.edu/RELAPPROXC341>),ore_ont_16821.owl,118.74,3.05,5071,5000,8955,5108,8895,4993,1033,4954,64.47,0,151.02,3,5033,1.28,1.34,8726,3,5009,4784
8762,1,SubClassOf(<http://www.aiai.ed.ac.uk/resources/go/cell.owl#CL.0000560> <http://www.aiai.ed.ac.uk/resources/go/cell.owl#CL.0000080>),ore_ont_4400.owl,148.40,5.52,5405,4952,8641,4984,8719,5058,1334,5083,54.37,0,280.35,3,4998,1.09,1.69,8928,3,4954,4891
8748,1,SubClassOf(<http://ccdb.ucsd.edu/NIF/NIF-Subcellular2.owl#sao2007137787> <http://ccdb.ucsd.edu/NIF/NIF-Subcellular2.owl#sao-420949334>),ore_ont_15397.owl,94.94,2.45,5027,4707,8796,5048,8810,4869,1392,4895,170.57,0,119.85,2,4874,3.50,1.09,8639,2,4865,4793
8722,1,SubClassOf(<http://purl.obolibrary.org/obo/TO_0000350> <http://purl.obolibrary.org/obo/TO_0000218>),ore_ont_15985.owl,150.59,1.83,5141,5088,8896,5149,8648,5090,1374,5049,34.66,0,92.50,2,5109,0.68,1.73,8624,2,4956,5050
6698,1,SubClassOf(<http://purl.obolibrary.org/obo/GO_0007309> <http://purl.obolibrary.org/obo/GO_0009798>),ore_ont_11009.owl,37.82,1.72,4935,4639,6677,4927,6676,4788,602,4927,144.03,0,84.76,1,4784,3.01,0.56,6742,1,5008,4839
6609,1,SubClassOf(<http://purl.obolibrary.org/obo/GO_0001555> <http://purl.obolibrary.org/obo/GO_0040007>),ore_ont_457.owl,40.07,3.30,5047,4744,6612,4927,6568,4903,603,4990,99.45,0,164.49,1,4858,2.05,0.61,6648,1,4805,5119
8965,1,SubClassOf(<http://www.lornet.org/ACM-CSS.owl#D.1.3.0> <http://www.lornet.org/ACM-CSS.owl#D.1>),ore_ont_10283.owl,35.08,0.34,5034,5010,8999,5179,8929,5124,1459,5051,86.20,0,17.01,2,5104,1.69,0.39,8968,2,5052,5068
8632,1,SubClassOf(<http://purl.obolibrary.org/obo/DIS_2002> <http://purl.obolibrary.org/obo/DIS_1688>),ore_ont_1473.owl,27.00,1.59,4945,5368,8605,5243,8632,5263,1676,4978,67.14,0,79.07,4,5291,1.27,0.31,8659,4,4922,5069
8860,1,SubClassOf(<http://doe-generated-ontology.com/OntoPneumo#FonctionDuSysteme> <http://doe-generated-ontology.com/OntoPneumo#ObjetFonctionnel>),ore_ont_12009.owl,228.97,6.72,5488,5141,9080,5081,8623,5069,1165,5094,38.57,0,342.29,2,5097,0.76,2.58,8877,2,4928,4867
6716,1,SubClassOf(<http://purl.org/obo/owl/GO#GO_0021907> <http://purl.org/obo/owl/GO#GO_0008543>),ore_ont_9857.owl,45.18,7.55,5026,5765,6707,5116,6676,5107,776,5361,377.33,0,404.80,1,5329,7.08,0.67,6765,1,5811,5247
8880,1,SubClassOf(<http://www.ebi.ac.uk/efo/swo/SWO_0000045> <http://purl.obolibrary.org/obo/IAO_0000030>),ore_ont_8135.owl,28.58,4.22,4903,5398,8912,5229,8857,5261,1627,5141,89.77,0,216.97,3,5296,1.70,0.32,8871,3,5327,5195
4591,1,SubClassOf(<http://purl.obolibrary.org/obo/MS_1001487> <http://purl.obolibrary.org/obo/MS_1000692>),ore_ont_11014.owl,58.62,2.70,4889,4707,4657,4830,4571,4988,1816,4774,140.86,0,128.69,1,4841,2.91,1.28,4545,1,4635,4798
8826,1,SubClassOf(<http://purl.obolibrary.org/obo/VHOG_0000847> <http://purl.obolibrary.org/obo/VHOG_0001390>),ore_ont_13578.owl,59.02,2.00,4916,4988,8763,4933,8835,4906,1692,5014,41.79,0,100.04,2,4942,0.85,0.67,8880,2,5011,5116
8787,1,SubClassOf(<http://purl.obolibrary.org/obo/HAO_0001034> <http://purl.obolibrary.org/obo/HAO_0000929>),ore_ont_3635.owl,176.14,0.65,4971,5080,8991,5179,8690,4952,2002,4969,113.81,0,32.53,3,5070,2.24,2.00,8682,3,5001,4936
8740,1,SubClassOf(<http://purl.obolibrary.org/obo/MI_0365> <http://purl.obolibrary.org/obo/MI_0507>),ore_ont_725.owl,57.24,0.97,5075,5187,8746,5025,8680,5034,2437,5058,91.04,0,49.17,2,5082,1.79,0.65,8794,2,5097,5003
8696,1,SubClassOf(<http://purl.obolibrary.org/obo/WBPhenotype_0001352> <http://purl.obolibrary.org/obo/WBPhenotype_0000585>),ore_ont_15950.owl,87.51,2.30,4944,5438,8608,5010,8698,5088,2111,4929,227.95,0,113.18,2,5178,4.40,1.01,8783,2,5035,4810
8835,1,SubClassOf(<http://purl.obolibrary.org/obo/CMO_0000862> <http://purl.obolibrary.org/obo/CMO_0000669>),ore_ont_12397.owl,86.43,4.24,5109,5813,8773,5468,8934,5339,2676,5361,245.07,0,227.15,2,5540,4.42,0.98,8799,2,5550,5424
9135,1,SubClassOf(<http://purl.org/biotop/biotop.owl#BakersYeastPopulation> <http://www.absoluteiri.edu/RELAPPROXC1070>),ore_ont_412.owl,111.74,6.00,5603,5221,9257,5693,9037,5339,2498,5243,245.64,0,314.72,402,5417,4.53,1.22,9113,4,5020,5106
9047,1,SubClassOf(<http://purl.obolibrary.org/obo/WBPhenotype_0001364> <http://purl.obolibrary.org/obo/WBPhenotype_0000073>),ore_ont_670.owl,194.10,3.48,5076,5384,8971,5216,8903,5177,2326,5043,110.00,0,175.30,2,5259,2.09,2.15,9268,2,4854,5200
6760,1,SubClassOf(<http://purl.org/obo/owl/HP#HP_0000067> <http://purl.org/obo/owl/HP#HP_0000068>),ore_ont_4383.owl,126.26,5.07,5521,5182,6854,5059,6617,4969,1200,5268,106.93,0,267.00,2,5070,2.11,1.87,6811,1,5295,4989
9052,1,SubClassOf(<http://purl.obolibrary.org/obo/MOD_00974> <http://purl.obolibrary.org/obo/MOD_01028>),ore_ont_15292.owl,329.63,6.18,5102,4978,9405,5284,8752,5284,3458,5326,176.67,0,329.22,2,5182,3.41,3.64,9000,2,5704,5172
8902,1,SubClassOf(<http://purl.obolibrary.org/obo/PO_0025445> <http://purl.obolibrary.org/obo/PO_0009002>),ore_ont_5080.owl,113.64,1.16,5108,5278,8830,5609,9033,5330,2825,5166,178.00,0,60.07,26,5405,3.29,1.28,8843,2,5228,5163
6746,1,SubClassOf(<http://purl.org/obo/owl/DOID#DOID_13076> <http://purl.org/obo/owl/DOID#DOID_8478>),ore_ont_544.owl,117.55,1.36,5126,4930,6873,5051,6724,4939,1512,5134,67.41,0,69.87,1,4973,1.36,1.74,6641,1,5208,5069
8717,1,SubClassOf(<http://purl.obolibrary.org/obo/AAO_0010021> <http://purl.obolibrary.org/obo/AAO_0000977>),ore_ont_9598.owl,38.31,1.43,4981,5309,8691,5139,8699,5141,2673,5027,97.58,0,71.77,2,5196,1.88,0.44,8761,2,4991,5110
4565,1,SubClassOf(<http://rhizomik.net/ontologies/2006/01/NewsCodes-SubjectsOnto.owl#15050002> <http://rhizomik.net/ontologies/2006/01/NewsCodes-SubjectsOnto.owl#15050000>),ore_ont_380.owl,77.42,1.73,4600,4591,4590,4519,4479,4535,2407,4510,37.81,0,78.04,1,4548,0.83,1.70,4628,1,4461,4469
4570,1,SubClassOf(<http://rhizomik.net/ontologies/2006/01/NewsCodes-SubjectsOnto.owl#15032001> <http://rhizomik.net/ontologies/2006/01/NewsCodes-SubjectsOnto.owl#15032000>),ore_ont_566.owl,38.94,4.81,4784,4470,4586,4747,4526,4539,2411,4535,144.20,0,217.97,1,4585,3.14,0.85,4599,1,4447,4376
4550,1,SubClassOf(<http://purl.obolibrary.org/obo/UniProtKB_Q9VMQ5> <http://purl.obolibrary.org/obo/PR_000000001>),ore_ont_7120.owl,88.91,2.81,4505,4673,4536,4980,4646,4550,3038,4552,221.46,0,127.75,1,4734,4.68,1.95,4470,1,4697,4455
8731,1,SubClassOf(<http://purl.obolibrary.org/obo/TGMA_0000344> <http://purl.obolibrary.org/obo/TGMA_0001827>),ore_ont_2440.owl,67.65,2.56,5201,4997,8791,5011,8746,5250,2733,5201,142.20,0,133.00,2,5086,2.80,0.77,8658,2,5068,5334
8796,1,SubClassOf(<http://purl.obolibrary.org/obo/CL_0000912> <http://purl.obolibrary.org/obo/CL_0000988>),ore_ont_8298.owl,49.03,2.60,5012,5627,8748,5835,8794,5196,3065,5046,325.92,0,131.34,5,5552,5.87,0.56,8846,5,4935,5191
6619,1,SubClassOf(<http://purl.obolibrary.org/obo/FYPO_0000266> <http://purl.obolibrary.org/obo/PATO_0001552>),ore_ont_2377.owl,100.06,4.40,5388,5038,6721,5028,6615,5113,2414,5131,46.46,0,225.84,15,5059,0.92,1.51,6521,1,5045,4962
8831,1,SubClassOf(<http://biomanta.sourceforge.net/celltype_instance_edit.owl#megakaryocyte_CL_0000556> <http://biomanta.sourceforge.net/celltype_instance_edit.owl#circulating_cell_CL_0000080>),ore_ont_3313.owl,243.64,0.86,4923,4982,8638,5146,9105,5060,3353,4918,82.03,0,42.19,1132,5062,1.62,2.76,8751,2,4874,4958
8714,1,SubClassOf(<http://purl.obolibrary.org/obo/MA_0000452> <http://purl.obolibrary.org/obo/MA_0000691>),ore_ont_9435.owl,100.76,4.95,4950,5188,8655,5005,8831,5401,3776,5165,198.19,0,255.87,2,5198,3.81,1.16,8658,2,5097,5448
8849,1,SubClassOf(<http://purl.obolibrary.org/obo/RS_0000902> <http://purl.obolibrary.org/obo/RS_0000889>),ore_ont_11619.owl,172.18,2.08,5232,5186,8655,5466,8912,5535,5100,5326,184.83,0,110.56,2,5395,3.43,1.95,8982,2,5299,5448
8798,1,SubClassOf(<http://purl.obolibrary.org/obo/MIRO_40001277> <http://purl.obolibrary.org/obo/MIRO_40003824>),ore_ont_15222.owl,88.49,1.96,5252,5579,8726,5646,8897,5331,4413,5324,165.94,0,104.39,3,5518,3.01,1.01,8772,3,5444,5277
4739,1,SubClassOf(<http://purl.obolibrary.org/obo/MIRO_10000276> <http://purl.obolibrary.org/obo/MIRO_10000239>),ore_ont_4798.owl,61.08,4.76,4881,4701,4779,4760,4669,4791,4413,4628,45.72,0,220.24,1,4750,0.96,1.29,4770,1,4477,4527
4652,1,SubClassOf(<http://purl.obolibrary.org/obo/MA_0002755> <http://purl.obolibrary.org/obo/MA_0001120>),ore_ont_9646.owl,70.94,3.14,4710,4641,4709,4700,4573,4754,4079,4686,56.52,0,147.39,1,4698,1.20,1.52,4676,1,4821,4529
4590,1,SubClassOf(<http://purl.obolibrary.org/obo/XAO_0004334> <http://purl.obolibrary.org/obo/XAO_0004324>),ore_ont_10742.owl,97.78,2.03,4678,4641,4619,4680,4481,4561,5157,4575,60.67,0,92.77,1,4627,1.31,2.13,4670,1,4498,4549
4664,1,SubClassOf(<http://purl.obolibrary.org/obo/BTO_0001072> <http://purl.obolibrary.org/obo/BTO_0001104>),ore_ont_10968.owl,88.90,1.53,4715,4482,4690,4637,4737,4571,4830,4633,77.78,0,70.94,1,4563,1.70,1.91,4565,1,4598,4587
4598,1,SubClassOf(<http://purl.obolibrary.org/obo/ENSEMBL#_ENSG00000106366> ObjectSomeValuesFrom(<http://purl.obolibrary.org/obo/RO_0002200> <http://purl.obolibrary.org/obo/MIM_613329>)),ore_ont_15932.owl,50.71,1.83,4638,4553,4656,4482,4576,4703,3634,4574,112.83,0,83.53,1,4579,2.46,1.10,4562,1,4480,4606
6718,1,SubClassOf(<http://purl.org/obo/owl/GO#GO_0032782> <http://purl.org/obo/owl/GO#GO_0046903>),ore_ont_12405.owl,94.13,1.68,5283,5018,6752,5042,6612,5107,3046,5347,46.05,0,89.65,1,5055,0.91,1.40,6791,1,5450,5310
8815,1,SubClassOf(<http://purl.obolibrary.org/obo/DOID_6345> <http://purl.obolibrary.org/obo/DOID_1192>),ore_ont_9790.owl,87.11,3.23,5448,5586,8911,5576,8741,5420,6710,5580,93.09,0,180.34,3,5527,1.68,0.99,8793,3,5786,5508
6790,1,SubClassOf(<http://purl.obolibrary.org/obo/GO_0009701> <http://purl.obolibrary.org/obo/GO_0052315>),ore_ont_3784.owl,108.13,2.48,5259,5053,6772,5200,6906,5325,3088,5381,136.15,0,133.59,2,5192,2.62,1.59,6692,1,5524,5362
6697,1,SubClassOf(<http://purl.obolibrary.org/obo/HP_0004619> <http://purl.obolibrary.org/obo/HP_0002751>),ore_ont_15152.owl,130.22,5.83,5667,4811,6785,5083,6760,4879,2863,5311,141.55,0,309.76,1,4924,2.87,1.94,6548,1,5163,5103
8424,1,SubClassOf(<http://purl.obolibrary.org/obo/FBsp_00001000> <http://purl.obolibrary.org/obo/FBsp_00000991>),ore_ont_1493.owl,114.09,1.80,5022,5039,8556,4809,8368,4936,6585,5095,115.21,0,91.59,2,4928,2.34,1.35,8350,2,5198,5066
8420,3,SubClassOf(<http://purl.org/obo/owl/IEV#IEV_0000754> <http://purl.org/obo/owl/IEV#IEV_0000668>),ore_ont_8641.owl,47.50,0.74,5053,5348,8475,5627,8387,5409,8257,5022,146.68,1,37.03,7,5461,2.69,0.56,8400,3,5032,4981
4237,1,SubClassOf(<http://purl.obolibrary.org/obo/MFO_0045380> ObjectSomeValuesFrom(<http://purl.obolibrary.org/obo/16bf6a7d-5fa0-4b9c-b279-eef4fa50808c_a_ontology.obo#part_of> <http://purl.obolibrary.org/obo/MFO_0045340>)),ore_ont_4655.owl,94.21,0.90,4258,4369,4230,4212,4335,4130,4402,4214,121.45,0,37.86,7,4237,2.87,2.22,4147,1,4198,4188
8465,2,SubClassOf(<http://purl.obolibrary.org/obo/MP_0004905> <http://purl.obolibrary.org/obo/MP_0004902>),ore_ont_5792.owl,9.07,2.15,5184,5151,8457,5312,8475,5343,8927,5086,103.07,0,109.38,4,5268,1.96,0.11,8464,2,5106,4968
8524,1,SubClassOf(<http://purl.obolibrary.org/obo/GO_0008404> <http://purl.obolibrary.org/obo/GO_0008391>),ore_ont_3106.owl,65.60,2.21,5264,5051,8597,5151,8505,5294,10257,5375,122.13,0,118.56,2,5165,2.36,0.77,8470,2,5500,5362
8531,1,SubClassOf(<http://purl.obolibrary.org/obo/MP_0008114> <http://purl.obolibrary.org/obo/MP_0009820>),ore_ont_10389.owl,12.50,2.16,5174,5186,8531,5303,8519,5256,10769,5306,58.88,0,114.84,2,5248,1.12,0.15,8544,2,5383,5361
4241,1,SubClassOf(<http://purl.obolibrary.org/obo/ZFA_0000892> ObjectSomeValuesFrom(<http://purl.obolibrary.org/obo/OBO_REL_part_of> <http://purl.obolibrary.org/obo/ZFA_0000926>)),ore_ont_8329.owl,7.81,0.67,4202,4222,4245,4244,4232,4199,10044,4222,22.50,0,28.36,32,4221,0.53,0.18,4246,1,4255,4211
8497,1,SubClassOf(<http://www.ontologydesignpatterns.org/ont/fao/asfa.owl#Seismic_refraction_profiles> <http://www.ontologydesignpatterns.org/ont/fao/asfa.owl#Records>),ore_ont_13141.owl,81.45,0.66,5102,5177,8483,5173,8424,5005,6429,5082,98.17,0,33.49,3,5118,1.92,0.96,8585,3,5102,5044
4403,1,SubClassOf(<http://purl.obolibrary.org/obo/FB_FBgn0038746> <http://purl.obolibrary.org/obo/PANTHER_PTHR14369>),ore_ont_10280.owl,18.15,1.04,4366,4416,4420,4513,4384,4506,8572,4412,54.10,0,46.00,1,4478,1.21,0.41,4406,1,4412,4458
8579,1,SubClassOf(<http://purl.obolibrary.org/obo/MP_0012232> <http://purl.obolibrary.org/obo/MP_0001547>),ore_ont_12161.owl,60.58,0.97,5419,5252,8609,5220,8620,5294,11878,5473,37.11,0,53.08,2,5255,0.71,0.71,8510,2,5525,5477
8668,1,SubClassOf(<http://purl.obolibrary.org/obo/MP_0004827> <http://purl.obolibrary.org/obo/MP_0005387>),ore_ont_6751.owl,134.39,1.75,5608,6428,8558,6189,8629,6222,11880,5662,129.52,0,99.35,7,6279,2.06,1.55,8818,7,5602,5777
4363,1,SubClassOf(<http://purl.obolibrary.org/obo/ENSEMBL_SPNCRNA.43> ObjectSomeValuesFrom(<http://purl.obolibrary.org/obo/BFO_0000050> <http://purl.obolibrary.org/obo/CHROMOSOME-4896_I>)),ore_ont_12776.owl,44.96,0.28,4322,4288,4353,4429,4325,4410,7047,4328,76.51,0,12.17,1,4375,1.75,1.03,4413,1,4320,4342
8596,2,SubClassOf(<http://purl.obolibrary.org/obo/MP_0004326> <http://purl.obolibrary.org/obo/MP_0000026>),ore_ont_11452.owl,50.85,1.37,5421,5689,8552,5868,8652,5785,11937,5508,89.58,1,75.54,5,5780,1.55,0.59,8586,3,5546,5557
8584,1,SubClassOf(<http://purl.obolibrary.org/obo/HP_0007479> <http://purl.obolibrary.org/obo/HP_0008064>),ore_ont_6869.owl,89.69,1.47,5454,5315,8564,5311,8682,5193,13003,5542,69.31,0,81.64,2,5273,1.31,1.04,8506,2,5615,5558
8567,1,SubClassOf(<http://purl.obolibrary.org/obo/HP_0007627> <http://purl.obolibrary.org/obo/HP_0009118>),ore_ont_3712.owl,26.86,1.95,5301,5886,8579,5883,8537,5821,13189,5410,36.69,0,105.75,4,5863,0.63,0.31,8587,4,5512,5419
4395,1,SubClassOf(<http://purl.obolibrary.org/obo/MP_0010685> <http://purl.obolibrary.org/obo/MP_0000377>),ore_ont_4732.owl,87.09,1.86,4479,4327,4485,4391,4311,4408,13077,4390,42.71,0,81.73,1,4375,0.98,1.98,4391,1,4318,4374
4348,1,SubClassOf(<http://purl.obolibrary.org/obo/IMR_0002146> ObjectSomeValuesFrom(<http://purl.obolibrary.org/obo/sequence_of> <http://purl.obolibrary.org/obo/IMR_0002104>)),ore_ont_9612.owl,61.70,1.15,4377,4279,4407,4337,4284,4320,9569,4362,29.82,0,50.06,2,4312,0.69,1.42,4354,1,4404,4307
8584,1,SubClassOf(<http://purl.obolibrary.org/obo/HP_0005411> <http://purl.obolibrary.org/obo/HP_0011122>),ore_ont_6358.owl,45.08,1.41,5607,5719,8564,5863,8636,5677,13679,5524,97.55,0,78.01,5,5753,1.70,0.53,8553,5,5452,5514
8447,1,SubClassOf(<http://purl.obolibrary.org/obo/ZFA_0009141> <http://purl.obolibrary.org/obo/ZFA_0009357>),ore_ont_7218.owl,12.29,2.67,4846,5186,8442,4879,8438,5045,10044,4946,153.67,0,132.29,47,5036,3.05,0.15,8461,2,5096,4896
8653,1,SubClassOf(<http://purl.obolibrary.org/obo/HP_0012512> <http://purl.obolibrary.org/obo/HP_0012795>),ore_ont_4460.owl,59.77,4.56,5637,5449,8722,5458,8613,5327,13832,5833,73.17,0,265.95,2,5411,1.35,0.69,8625,2,6136,5727
4455,1,SubClassOf(<http://purl.obolibrary.org/obo/WBbt_0001882> ObjectSomeValuesFrom(<http://purl.obolibrary.org/obo/DESCENDENTOF> <http://purl.obolibrary.org/obo/WBbt_0001081>)),ore_ont_8492.owl,89.14,0.73,4415,4372,4475,4349,4358,4479,12112,4384,69.38,0,32.13,10,4400,1.58,2.00,4533,1,4388,4351
8555,1,SubClassOf(<http://purl.obolibrary.org/obo/WBbt_0008302> <http://purl.obolibrary.org/obo/WBbt_0007707>),ore_ont_13000.owl,49.79,0.49,5329,5268,8612,5228,8520,5460,12365,5358,124.02,0,26.35,2,5318,2.33,0.58,8533,2,5366,5380
4587,1,SubClassOf(<http://purl.org/obo/owl/MAT#MAT_0000084> <http://purl.org/obo/owl/UBERON#UBERON_0002371>),ore_ont_13852.owl,129.62,1.48,4460,4416,4607,4492,4706,4495,12343,4440,44.77,0,65.74,1,4467,1.00,2.83,4449,1,4367,4494
8439,1,SubClassOf(<http://purl.obolibrary.org/obo/TO_0000028> <http://purl.obolibrary.org/obo/TO_0000871>),ore_ont_6198.owl,21.57,1.72,5261,5217,8430,5286,8424,5293,8472,5329,42.00,0,91.48,3,5265,0.80,0.26,8464,3,5433,5293
4414,1,SubClassOf(<http://purl.obolibrary.org/obo/WBbt_0005702> ObjectSomeValuesFrom(<http://purl.obolibrary.org/obo/BFO_0000050> <http://purl.obolibrary.org/obo/WBbt_0008219>)),ore_ont_4226.owl,78.05,2.02,4325,4541,4411,4264,4494,4434,12347,4351,139.69,0,88.08,46,4413,3.17,1.77,4338,1,4280,4450
4411,1,SubClassOf(<http://purl.obolibrary.org/obo/ENSEMBL_ENSG00000206148> ObjectSomeValuesFrom(<http://purl.obolibrary.org/obo/RO_0002158> <http://purl.obolibrary.org/obo/ZFIN_ZDB-GENE-040615-2>)),ore_ont_15793.owl,6.43,0.68,4392,4382,4416,4472,4414,4368,7044,4368,56.44,0,29.70,1,4407,1.28,0.15,4404,1,4335,4378
6514,1,SubClassOf(<http://purl.obolibrary.org/obo/MP_0006292> <http://purl.obolibrary.org/obo/PATO_0000640>),ore_ont_8864.owl,73.26,0.97,5413,4924,6596,5069,6491,5072,5804,5361,84.60,0,52.01,1,5021,1.68,1.12,6455,1,5309,5363
8649,1,SubClassOf(<http://purl.org/obo/owl/IEV#IEV_0003355> <http://purl.org/obo/owl/IEV#IEV_0000019>),ore_ont_11502.owl,76.63,1.59,5853,5637,8737,5720,8597,5731,19560,5813,51.39,0,92.50,2,5696,0.90,0.89,8613,2,5708,5880
4500,1,SubClassOf(<http://purl.obolibrary.org/obo/WB_WBGene00016185> <http://purl.obolibrary.org/obo/PANTHER_PTHR11851>),ore_ont_14027.owl,39.34,0.67,4428,4442,4506,4477,4458,4418,12591,4449,29.67,0,29.72,1,4445,0.67,0.87,4536,1,4483,4436
4503,1,SubClassOf(<http://purl.obolibrary.org/obo/NCBIGene_430688> <http://purl.obolibrary.org/obo/PANTHER_PTHR13248>),ore_ont_16114.owl,33.06,0.64,4434,4597,4532,4515,4467,4509,13885,4465,49.17,0,28.48,1,4540,1.08,0.73,4510,1,4471,4490
4593,1,SubClassOf(<http://purl.obolibrary.org/obo/UniProtKB_Q61983> <http://purl.obolibrary.org/obo/PR_000014958>),ore_ont_9590.owl,20.03,1.17,4520,4559,4614,4633,4592,4647,11864,4558,47.29,0,53.36,1,4613,1.03,0.44,4574,1,4535,4619
4538,1,SubClassOf(<http://purl.org/obo/owl/EMAP#EMAP_9215> ObjectSomeValuesFrom(<http://purl.org/obo/owl/OBO_REL#part_of> <http://purl.org/obo/owl/EMAP#EMAP_9211>)),ore_ont_6453.owl,65.39,1.94,4479,4542,4612,4453,4514,4422,13730,4533,62.29,0,88.12,5,4472,1.39,1.44,4488,1,4635,4486
4502,1,SubClassOf(<http://purl.org/obo/owl/EMAP#EMAP_10550> ObjectSomeValuesFrom(<http://purl.org/obo/owl/OBO_REL#part_of> <http://purl.org/obo/owl/EMAP#EMAP_10548>)),ore_ont_5965.owl,54.81,0.84,4499,4611,4524,4518,4543,4430,13730,4514,90.51,0,38.00,9,4519,2.00,1.22,4440,1,4558,4487
4495,1,SubClassOf(<http://purl.org/obo/owl/EMAP#EMAP_91> ObjectSomeValuesFrom(<http://purl.org/obo/owl/OBO_REL#part_of> <http://purl.org/obo/owl/EMAP#EMAP_90>)),ore_ont_5974.owl,1.00,0.38,4481,4516,4495,4552,4496,4471,13732,4465,40.58,0,17.16,3,4513,0.90,0.02,4494,1,4447,4468
8588,1,SubClassOf(<http://purl.obolibrary.org/obo/CHEBI_15725> <http://purl.obolibrary.org/obo/CHEBI_46687>),ore_ont_3406.owl,30.44,2.85,5569,5330,8623,5433,8576,5386,16467,5692,51.57,0,162.34,2,5383,0.96,0.35,8566,2,5631,5876
4536,1,SubClassOf(<http://purl.obolibrary.org/obo/ENSEMBL_ENSGALG00000024489> <http://purl.obolibrary.org/obo/SO_0001217>),ore_ont_964.owl,34.12,0.73,4490,4506,4576,4497,4515,4619,17934,4525,67.99,0,33.25,1,4540,1.50,0.75,4519,1,4556,4530
13024,3,SubClassOf(<http://doe-generated-ontology.com/OntoAD#C0265101> <http://doe-generated-ontology.com/OntoAD#C0027853>),ore_ont_9792.owl,18.90,2.44,5892,6904,13003,7612,13039,7032,19279,5993,377.28,8,146.48,16,7182,5.25,0.15,13031,11,6161,5926
8744,1,SubClassOf(<http://purl.obolibrary.org/obo/CHEBI_37022> <http://purl.obolibrary.org/obo/CHEBI_25741>),ore_ont_935.owl,65.02,1.53,5911,5841,8680,5871,8810,5941,21585,6005,51.32,0,91.66,3,5884,0.87,0.74,8742,3,6094,6012
8650,1,SubClassOf(<http://purl.obolibrary.org/obo/GO_0008662> <http://www.absoluteiri.edu/RELAPPROXC6198>),ore_ont_2317.owl,58.76,2.86,5854,5814,8644,5772,8712,5786,18324,5929,21.39,0,169.44,10,5790,0.37,0.68,8595,2,6123,5810
4512,1,SubClassOf(<http://purl.obolibrary.org/obo/ENSEMBL_FBgn0038862> ObjectSomeValuesFrom(<http://purl.obolibrary.org/obo/BFO_0000050> <http://purl.obolibrary.org/obo/CHROMOSOME-7227_3R>)),ore_ont_8579.owl,79.29,1.67,4449,4452,4456,4459,4603,4427,14869,4507,16.82,0,75.05,1,4446,0.38,1.76,4478,1,4481,4592
4417,1,SubClassOf(<http://purl.obolibrary.org/obo/EMAP_415> ObjectSomeValuesFrom(<http://purl.obolibrary.org/obo/emap.mouse-gross-anatomy-and-development-ontology.6.orig#part_of> <http://purl.obolibrary.org/obo/EMAP_414>)),ore_ont_2591.owl,53.15,0.80,4390,4431,4473,4500,4413,4385,13730,4430,57.88,0,35.55,5,4438,1.30,1.20,4367,1,4442,4458
4589,1,SubClassOf(<http://purl.obolibrary.org/obo/ENSEMBL_ENSXETG00000024058> <http://purl.obolibrary.org/obo/SO_0001217>),ore_ont_5487.owl,25.24,0.69,4721,4593,4617,4658,4568,4572,19884,4684,44.84,0,32.52,1,4607,0.97,0.55,4582,1,4659,4673
4812,1,SubClassOf(<http://purl.obolibrary.org/obo/MGI_MGI%3A2143698> <http://purl.obolibrary.org/obo/PANTHER_PTHR15989>),ore_ont_9513.owl,7.77,2.28,4969,4925,4806,4753,4810,4844,19680,4850,86.05,0,110.73,1,4840,1.78,0.16,4821,1,4750,4831
8839,1,SubClassOf(<http://www.ontologydesignpatterns.org/ont/fao/agrovoc.owl#Artificial_Precipitation> <http://www.ontologydesignpatterns.org/ont/fao/agrovoc.owl#Precipitation>),ore_ont_6433.owl,75.27,0.49,6179,5548,8918,5949,8768,5685,16382,6211,203.82,0,30.27,2,5727,3.56,0.85,8832,2,6239,6216
4573,1,SubClassOf(<http://purl.obolibrary.org/obo/ENSEMBL_ENSPMAG00000011620> ObjectSomeValuesFrom(<http://purl.obolibrary.org/obo/BFO_0000050> <http://purl.obolibrary.org/obo/CHROMOSOME-7757_GL477899>)),ore_ont_15178.owl,29.55,1.36,4633,4710,4606,4640,4549,4610,13077,4610,51.32,0,62.56,1,4653,1.10,0.65,4564,1,4659,4540
4651,1,SubClassOf(<http://purl.obolibrary.org/obo/ENSEMBL_ENSCING00000015849> ObjectSomeValuesFrom(<http://purl.obolibrary.org/obo/BFO_0000050> <http://purl.obolibrary.org/obo/CHROMOSOME-7719_scaffold_2273>)),ore_ont_12802.owl,122.28,0.63,4531,4566,4735,4534,4511,4482,14547,4555,42.39,0,28.59,1,4527,0.94,2.63,4708,1,4549,4587
4741,1,SubClassOf(<http://purl.obolibrary.org/obo/UniProtKB#_Q9CA78> <http://purl.obolibrary.org/obo/PR_000000001>),ore_ont_4235.owl,18.08,3.30,4720,4811,4724,4715,4760,4727,24422,4834,52.31,0,159.64,1,4751,1.10,0.38,4739,1,5017,4767
90001,386,SubClassOf(<http://purl.obolibrary.org/obo/FYPO_0002207> <http://purl.obolibrary.org/obo/FYPO_0001127>),ore_ont_11081.owl,0.00,0.00,Timeout,Timeout,Timeout,Timeout,Timeout,Timeout,27205,90001,0.00,26,0.00,624,90001,0.00,0.00,Timeout,28,Timeout,Timeout
4702,1,SubClassOf(<http://purl.obolibrary.org/obo/FMA_18134> ObjectSomeValuesFrom(<http://purl.obolibrary.org/obo/c3ebb8aa-1b81-451f-bfb9-1ecc4c156660_e.obo.PREVIOUS#regional_part_of> <http://purl.obolibrary.org/obo/FMA_6438>)),ore_ont_7716.owl,91.88,0.81,4649,4590,4807,4711,4665,4682,25634,4623,63.17,0,37.51,3,4661,1.36,1.95,4635,1,4580,4640
5015,1,SubClassOf(<http://purl.obolibrary.org/obo/ENSEMBL_F47B7.6> <http://purl.obolibrary.org/obo/ENSEMBL_ENSFM00250000035702>),ore_ont_2661.owl,50.27,0.28,4962,5110,5053,5069,5034,4910,20389,4947,105.64,0,14.01,1,5029,2.10,1.00,4958,1,4934,4947
4696,1,SubClassOf(<http://www.loria.fr/~coulet/ontology/sopharm/version2.0/disease_ontology.owl#DOID_4359> <http://www.loria.fr/~coulet/ontology/sopharm/version2.0/disease_ontology.owl#DOID_4360>),ore_ont_12194.owl,64.21,1.48,4580,4674,4685,4715,4638,4737,19382,4635,31.97,0,68.38,1,4708,0.68,1.37,4765,1,4615,4712
4627,1,SubClassOf(<http://purl.obolibrary.org/obo/ENSEMBL#_ENSG00000035862> ObjectSomeValuesFrom(<http://purl.obolibrary.org/obo/RO_00022000> <http://purl.obolibrary.org/obo/DOID_928>)),ore_ont_2105.owl,28.57,0.73,4597,4657,4648,4566,4595,4593,31215,4615,46.74,0,33.81,51,4605,1.01,0.62,4640,1,4594,4654
5045,1,SubClassOf(<http://purl.obolibrary.org/obo/ENSEMBL_ENSDARG00000041873> <http://purl.obolibrary.org/obo/SO_0001217>),ore_ont_16687.owl,77.68,0.47,5009,4942,5135,4974,5008,5023,32313,4982,40.80,0,23.43,1,4979,0.82,1.54,4994,1,4970,4967
9276,1,SubClassOf(<http://purl.obolibrary.org/obo/TTO_1027113> <http://purl.obolibrary.org/obo/TTO_10234>),ore_ont_12149.owl,8.74,3.28,8188,7171,9269,7538,9286,7382,38589,7901,184.19,0,258.77,2,7363,2.50,0.09,9274,2,7685,7831
5112,1,SubClassOf(<http://purl.obolibrary.org/obo/TTO_1053468> <http://purl.obolibrary.org/obo/TTO_109797>),ore_ont_7493.owl,54.99,0.42,5144,5237,5133,5088,5154,5318,38639,5120,116.66,0,21.50,1,5214,2.24,1.08,5050,1,5102,5115
4829,1,SubClassOf(<http://purl.obolibrary.org/obo/ENSEMBL_ENSG00000113088> ObjectSomeValuesFrom(<http://purl.obolibrary.org/obo/RO_0002158> <http://purl.obolibrary.org/obo/ENSEMBL_FBgn0032412>)),ore_ont_13964.owl,63.81,1.86,4841,4737,4881,4692,4758,4845,26527,4810,78.63,0,89.62,16,4758,1.65,1.32,4849,1,4880,4709
4689,1,SubClassOf(<http://purl.obolibrary.org/obo/NCBI_Gene_5663> ObjectSomeValuesFrom(<http://purl.obolibrary.org/obo/RO_0002214> <http://purl.obolibrary.org/obo/HP_0000733>)),ore_ont_16559.owl,72.00,1.08,4600,4738,4762,4747,4689,4772,37815,4657,17.62,0,50.29,45,4752,0.37,1.54,4618,1,4694,4678
5093,1,SubClassOf(<http://ncicb.nci.nih.gov/xml/owl/EVS/Hugo.owl#HGNC_14941> <http://ncicb.nci.nih.gov/xml/owl/EVS/Hugo.owl#gene_with_protein_product>),ore_ont_6310.owl,228.27,1.41,4982,5150,5355,4910,4987,5035,32917,4986,120.03,0,70.12,1,5031,2.39,4.48,4937,1,5059,4919
5047,1,SubClassOf(<http://purl.obolibrary.org/obo/ENSEMBL_ENSMUSG00000043505> <http://purl.obolibrary.org/obo/SO_0001217>),ore_ont_13664.owl,68.65,1.23,5006,5143,5104,4965,4971,5140,37683,5068,101.91,0,62.51,1,5082,2.01,1.36,5067,1,5067,5131
4939,1,SubClassOf(<http://purl.obolibrary.org/obo/ENSEMBL_ENSRNOG00000033774> ObjectSomeValuesFrom(<http://purl.obolibrary.org/obo/BFO_0000050> <http://purl.obolibrary.org/obo/CHROMOSOME-10116_3>)),ore_ont_14508.owl,116.03,1.53,4927,4966,5065,4965,4836,4957,29516,5004,4.93,0,76.50,1,4962,0.10,2.35,4918,1,5005,5080
5001,1,SubClassOf(<http://purl.obolibrary.org/obo/ENSEMBL_AT3G13965> ObjectSomeValuesFrom(<http://purl.obolibrary.org/obo/BFO_0000050> <http://purl.obolibrary.org/obo/CHROMOSOME-3702_3>)),ore_ont_15099.owl,93.06,4.04,5278,4869,5096,4946,4997,5020,33602,5043,75.50,0,203.62,1,4945,1.53,1.86,4910,1,4919,4932
9145,1,SubClassOf(<http://www.absoluteiri.edu/RELAPPROXC12229> <http://www.absoluteiri.edu/RELAPPROXC12231>),ore_ont_6102.owl,46.46,2.49,6155,6877,9167,6906,9092,6664,47690,6321,132.15,0,157.49,26060,6815,1.94,0.51,9177,2,6468,6342
9624,1,SubClassOf(<http://purl.obolibrary.org/obo/NCBIGene_854206> <http://purl.obolibrary.org/obo/ENSEMBL_ENSFM00470000251829>),ore_ont_7455.owl,91.59,1.23,8897,8268,9654,8256,9522,8313,61530,8972,30.05,0,110.35,27,8279,0.36,0.95,9698,2,9099,8921
5102,1,SubClassOf(<http://purl.obolibrary.org/obo/ENSEMBL_ENSMUSG00000080899> ObjectSomeValuesFrom(<http://purl.obolibrary.org/obo/BFO_0000050> <http://purl.obolibrary.org/obo/CHROMOSOME-10090_X>)),ore_ont_7256.owl,50.85,0.03,5102,5155,5134,5068,5130,5047,37681,5102,57.26,0,1.53,1,5090,1.13,1.00,5044,1,5101,5104
9636,1,SubClassOf(<http://purl.obolibrary.org/obo/GO_0036376> <http://purl.obolibrary.org/obo/GO_0035725>),ore_ont_10778.owl,103.94,2.15,9138,9445,9698,9598,9516,8605,80764,9197,534.64,0,197.79,2,9216,5.80,1.08,9694,2,9418,9036
9792,1,SubClassOf(<http://purl.obolibrary.org/obo/GO_0043309> <http://purl.obolibrary.org/obo/GO_0017157>),ore_ont_13243.owl,178.62,1.52,9240,9488,9597,9085,9834,9195,80529,9400,208.31,0,143.07,2,9256,2.25,1.82,9947,2,9446,9515
5089,1,SubClassOf(<http://purl.obolibrary.org/obo/FB_FBgn0044069> ObjectSomeValuesFrom(<http://purl.obolibrary.org/obo/RO_0002200> <http://purl.obolibrary.org/obo/GO_0001745>)),ore_ont_269.owl,22.28,1.76,5221,5162,5101,5118,5064,5079,65926,5124,41.53,0,90.07,3,5119,0.81,0.44,5104,1,5108,5043
9911,1,SubClassOf(<http://purl.obolibrary.org/obo/SO_0001092> <http://purl.obolibrary.org/obo/SO_0000409>),ore_ont_14934.owl,231.25,3.89,9470,9636,9841,8887,10170,8749,73008,9075,477.29,0,353.09,2,9090,5.25,2.33,9724,2,8790,8965
12559,2,SubClassOf(<http://purl.obolibrary.org/obo/GO_0042353> <http://purl.obolibrary.org/obo/GO_0019318>),ore_ont_10175.owl,1148.95,0.69,9897,12156,11888,11859,11904,11935,89826,9826,154.29,0,67.72,4,11983,1.29,9.15,13886,2,9820,9762
5210,1,SubClassOf(<http://purl.obolibrary.org/obo/ZFIN_ZDB-GENE-040426-721> ObjectSomeValuesFrom(<http://purl.obolibrary.org/obo/RO_0002200> <http://purl.obolibrary.org/obo/GO_0005975>)),ore_ont_13902.owl,43.75,1.14,5264,5121,5258,5121,5172,5267,78784,5276,84.29,0,59.91,5,5169,1.63,0.84,5201,1,5223,5341
90001,105,SubClassOf(<http://purl.obolibrary.org/obo/GO_0032834> <http://www.absoluteiri.edu/RELAPPROXC40839>),ore_ont_795.owl,0.00,0.00,Timeout,Timeout,Timeout,Timeout,Timeout,Timeout,106608,90001,0.00,17,0.00,373,90001,0.00,0.00,Timeout,19,Timeout,Timeout
64065,1,SubClassOf(<http://purl.org/obo/owl/IMR#IMR_0200253> <http://purl.org/obo/owl/IMR#IMR_0001362>),ore_ont_5781.owl,9413.84,2.91,54765,67629,74533,69960,56293,71516,137302,53023,1956.33,0,1543.94,3,69701,2.81,14.69,61371,3,52484,51822
56004,1,SubClassOf(<http://purl.obolibrary.org/obo/VTO_0056233> <http://purl.obolibrary.org/obo/VTO_0056229>),ore_ont_15696.owl,3491.09,2.28,57912,64662,54200,61322,60028,62640,106894,59430,1682.32,0,1352.31,2,62874,2.68,6.23,53784,2,60506,59872
18588,1,SubClassOf(<http://purl.obolibrary.org/obo/ENSEMBL#_ENSDARG00000009899> ObjectSomeValuesFrom(<http://purl.obolibrary.org/obo/RO_00022060> <http://purl.obolibrary.org/obo/UBERON_0001062>)),ore_ont_8557.owl,600.72,1.64,19725,19525,19247,18607,18071,19617,90282,19409,558.46,0,317.51,6,19249,2.90,3.23,18446,1,19412,19090
26468,1,SubClassOf(<http://purl.obolibrary.org/obo/CHEBI_60540> ObjectSomeValuesFrom(<http://purl.obolibrary.org/obo/chebi#is_conjugate_base_of> <http://purl.obolibrary.org/obo/CHEBI_28265>)),ore_ont_11293.owl,1512.04,3.86,26731,25580,24925,26192,26533,25741,114924,27111,317.24,0,1046.29,6,25837,1.23,5.71,27947,1,28295,26309
44267,1,SubClassOf(<http://purl.obolibrary.org/obo/CHEBI_51635> <http://purl.obolibrary.org/obo/CHEBI_33453>),ore_ont_15929.owl,339.61,5.40,43886,51777,43913,47511,44590,47289,115746,46640,2529.50,0,2520.55,2,48859,5.18,0.77,44299,2,48832,47203
51653,1,SubClassOf(<http://purl.obolibrary.org/obo/CHEBI_38892> <http://purl.obolibrary.org/obo/CHEBI_35479>),ore_ont_10248.owl,4476.15,2.02,48666,58020,47657,60105,56490,58467,118046,47595,1097.73,0,962.33,3,58864,1.86,8.67,50812,3,47316,46803
44096,1,SubClassOf(<http://purl.obolibrary.org/obo/CHEBI_33686> <http://purl.obolibrary.org/obo/CHEBI_33680>),ore_ont_5612.owl,948.85,3.52,49536,48181,45163,51474,43778,51282,118048,49395,1848.28,0,1738.79,2,50312,3.67,2.15,43347,2,51059,47590
43043,1,SubClassOf(<http://purl.obolibrary.org/obo/CHEBI_52506> <http://purl.obolibrary.org/obo/CHEBI_52502>),ore_ont_2803.owl,1094.43,2.56,49078,48521,43687,46696,41780,48278,115746,47736,990.99,0,1221.27,2,47831,2.07,2.54,43664,2,46689,47443
50085,1,SubClassOf(<http://purl.obolibrary.org/obo/FMA_60018> <http://purl.obolibrary.org/obo/FMA_60015>),ore_ont_5927.owl,1869.11,2.38,56192,56519,52150,61104,48509,59389,121712,55092,2316.62,0,1311.36,2,59004,3.93,3.73,49596,2,55444,53641
46039,1,SubClassOf(<http://purl.obolibrary.org/obo/NCBIGene_100488581> <http://purl.obolibrary.org/obo/ENSEMBL_ENSFM00250000004358>),ore_ont_6722.owl,1205.21,3.20,52061,49551,46206,51488,44759,51969,113602,50223,1279.98,0,1608.50,18,51002,2.51,2.62,47152,2,49538,49071
90001,108,SubClassOf(<http://purl.obolibrary.org/obo/GO_0052411> <http://purl.obolibrary.org/obo/CHEBI_48819>),ore_ont_7868.owl,0.00,0.00,Timeout,Timeout,Timeout,Timeout,Timeout,Timeout,144956,90001,0.00,23,0.00,121,90001,0.00,0.00,Timeout,25,Timeout,Timeout
52422,1,SubClassOf(<http://purl.obolibrary.org/obo/FMA_60243> <http://purl.obolibrary.org/obo/FMA_60175>),ore_ont_11519.owl,1145.29,1.22,56460,61677,51121,63552,53278,62121,126545,56476,979.84,0,688.15,2,62450,1.57,2.18,52867,2,55797,57173
25860,1,SubClassOf(<http://purl.obolibrary.org/obo/RGD_620655> <http://purl.obolibrary.org/obo/ENSEMBL#_ENSFM00500000269693>),ore_ont_1357.owl,439.47,1.74,26837,25573,26017,26629,26200,25242,134251,27099,724.39,0,472.10,1,25814,2.81,1.70,25364,1,27644,26816
66855,2,SubClassOf(<http://purl.obolibrary.org/obo/CHEBI_75975> <http://purl.obolibrary.org/obo/CHEBI_5254>),ore_ont_4802.owl,867.22,3.50,55589,55507,67438,58556,67270,58918,140957,53872,1873.60,2,1887.00,5,57660,3.25,1.30,65859,4,54177,51852
23407,1,SubClassOf(<http://purl.obolibrary.org/obo/ENSEMBL#_ENSMUSG00000026981> ObjectSomeValuesFrom(<http://purl.obolibrary.org/obo/RO_0002200> <http://purl.obolibrary.org/obo/MP_0002411>)),ore_ont_7343.owl,887.14,5.44,21270,23065,23389,22736,22529,22954,157488,22524,167.37,0,1224.64,47,22918,0.73,3.79,24303,1,23717,22585
58742,1,SubClassOf(<http://purl.obolibrary.org/obo/PR_P67812RELAPPROXQ2> <http://purl.obolibrary.org/obo/PR_000014573>),ore_ont_2828.owl,3345.59,0.32,64023,68647,62482,69450,57710,68174,177701,63807,645.07,0,201.17,10,68757,0.94,5.70,56034,2,63773,63625
50659,1,SubClassOf(<http://purl.obolibrary.org/obo/SO_1000020> <http://purl.obolibrary.org/obo/SO_1000017>),ore_ont_2469.owl,1202.05,2.11,56395,58007,51831,59183,50717,65868,138452,55089,4240.04,0,1160.53,2,61019,6.95,2.37,49429,2,54696,54176
20234,1,SubClassOf(<http://purl.obolibrary.org/obo/ENSEMBL#_ENSMUSG00000026773> ObjectSomeValuesFrom(<http://purl.obolibrary.org/obo/RO_0002200> <http://purl.obolibrary.org/obo/UBERON_0000981>)),ore_ont_8145.owl,209.36,6.41,22211,23067,20475,20162,20130,19842,167961,20735,1776.80,0,1328.24,19,21023,8.45,1.03,20097,1,20361,19635
31161,1,SubClassOf(<http://purl.obolibrary.org/obo/SGD_S000003264> ObjectSomeValuesFrom(<http://purl.obolibrary.org/obo/RO_0002214> ObjectSomeValuesFrom(<http://purl.obolibrary.org/obo/BFO_0000050> <http://purl.obolibrary.org/obo/GO_0016021>))),ore_ont_2046.owl,1725.20,1.40,31994,32444,33131,31760,30437,29651,121004,31484,1455.83,0,441.11,121004,31285,4.65,5.54,29917,1,31227,31233
34185,1,SubClassOf(<http://purl.obolibrary.org/obo/FB_FBgn0033005> ObjectSomeValuesFrom(<http://purl.obolibrary.org/obo/RO_0002214> ObjectSomeValuesFrom(<http://purl.obolibrary.org/obo/RO_0002217> <http://purl.obolibrary.org/obo/GO_0006508>))),ore_ont_4557.owl,1222.05,5.52,33323,32223,34228,33842,35386,33193,127498,35018,814.79,0,1932.89,127498,33086,2.46,3.57,32943,1,34608,37123
90001,1,SubClassOf(<http://purl.org/obo/owl/GO#GO_0051334> <http://purl.org/obo/owl/GO#GO_0006998>),ore_ont_9400.owl,0.00,3.74,87264,Timeout,Timeout,Timeout,Timeout,Timeout,316367,85064,0.00,0,3184.19,3,90001,0.00,0.00,Timeout,3,86516,81413
30287,1,SubClassOf(<http://purl.obolibrary.org/obo/UniProtKB_E1BQS1> ObjectSomeValuesFrom(<http://purl.obolibrary.org/obo/RO_0002214> ObjectSomeValuesFrom(<http://purl.obolibrary.org/obo/RO_0002217> <http://purl.obolibrary.org/obo/GO_0008233>))),ore_ont_5602.owl,1945.74,1.96,31170,32211,32429,29892,28628,27968,131132,30513,2124.56,0,598.14,131132,30023,7.08,6.42,29806,1,30369,30000
29969,1,SubClassOf(<http://purl.obolibrary.org/obo/WB_WBGene00007387> ObjectSomeValuesFrom(<http://purl.obolibrary.org/obo/RO_0002214> ObjectSomeValuesFrom(<http://purl.obolibrary.org/obo/RO_0002217> <http://purl.obolibrary.org/obo/GO_0006974>))),ore_ont_9768.owl,372.14,5.04,31270,31718,29559,29316,30285,29152,133954,29762,1436.48,0,1501.05,133954,30062,4.78,1.24,30064,1,29748,28268
89532,1,SubClassOf(<http://purl.obolibrary.org/obo/SO_0000776> <http://purl.obolibrary.org/obo/SO_0001037>),ore_ont_1579.owl,811.18,3.41,71166,Timeout,88596,Timeout,Timeout,Timeout,259659,71676,0.00,0,2445.76,111930,90001,0.00,0.91,Timeout,3,74337,69526
90001,2,SubClassOf(<http://purl.org/obo/owl/GO#GO_0075178> <http://purl.org/obo/owl/GO#GO_0075136>),ore_ont_9499.owl,0.00,2.77,83247,Timeout,Timeout,Timeout,Timeout,Timeout,335239,81563,0.00,1,2262.89,65,90001,0.00,0.00,Timeout,3,82452,78991
29537,1,SubClassOf(<http://purl.obolibrary.org/obo/FB_FBgn0085482> ObjectSomeValuesFrom(<http://purl.obolibrary.org/obo/RO_0002214> ObjectSomeValuesFrom(<http://purl.obolibrary.org/obo/BFO_0000050> <http://purl.obolibrary.org/obo/GO_0005575>))),ore_ont_14216.owl,866.45,0.34,30298,30005,29783,31720,28575,30127,146348,30372,956.88,0,103.29,132908,30617,3.13,2.93,30255,1,30490,30328
31079,1,SubClassOf(<http://purl.obolibrary.org/obo/WB_WBGene00006637> ObjectSomeValuesFrom(<http://purl.obolibrary.org/obo/RO_0002214> ObjectSomeValuesFrom(<http://purl.obolibrary.org/obo/BFO_0000050> <http://purl.obolibrary.org/obo/GO_0016021>))),ore_ont_2253.owl,421.88,3.13,29140,31469,31473,30111,31131,30038,151778,29794,805.94,0,934.03,134786,30539,2.64,1.36,30634,1,29379,30864
24333,1,SubClassOf(<http://purl.obolibrary.org/obo/ENSEMBL#_ENSMUSG00000033628> ObjectSomeValuesFrom(<http://purl.obolibrary.org/obo/RO_0002200> <http://purl.obolibrary.org/obo/GO_0000910>)),ore_ont_2243.owl,1226.69,2.71,23633,24175,24801,25193,25258,24566,232267,24377,513.54,0,661.27,26,24644,2.08,5.04,22942,1,24602,24897
24696,1,SubClassOf(<http://purl.obolibrary.org/obo/ENSEMBL#_ENSG00000131711> ObjectSomeValuesFrom(<http://purl.obolibrary.org/obo/RO_0002200> <http://purl.obolibrary.org/obo/GO_0010035>)),ore_ont_11389.owl,526.37,3.12,23507,22592,24343,23654,25301,22041,238818,24382,819.88,0,760.10,47,22762,3.60,2.13,24444,1,24872,24769
23469,1,SubClassOf(<http://purl.obolibrary.org/obo/ENSEMBL#_FBgn0004569> ObjectSomeValuesFrom(<http://purl.obolibrary.org/obo/RO_0002200> <http://purl.obolibrary.org/obo/FBbt_00005321>)),ore_ont_14607.owl,158.38,4.78,22645,23128,23587,22580,23531,19811,257089,21470,1778.11,0,1027.08,56,21839,8.14,0.67,23289,1,20740,21027
31817,1,SubClassOf(<http://purl.obolibrary.org/obo/ZFIN_ZDB-GENE-030131-2838> ObjectSomeValuesFrom(<http://purl.obolibrary.org/obo/RO_0002214> ObjectSomeValuesFrom(<http://purl.obolibrary.org/obo/RO_0002217> <http://purl.obolibrary.org/obo/GO_0016817>))),ore_ont_7993.owl,1392.88,4.33,29590,30293,33346,33413,30620,31066,156994,31118,1624.83,0,1347.45,156994,31590,5.14,4.38,31486,1,31630,32135
66559,1,SubClassOf(<http://purl.obolibrary.org/obo/ENSEMBL_ENSG00000109680> <http://purl.obolibrary.org/obo/ENSEMBL_ENSFM00250000005788>),ore_ont_12387.owl,1329.02,4.32,77735,82659,67207,81349,67441,87115,296212,75307,3022.66,0,3252.58,3,83707,3.61,2.00,65031,2,71612,76576
32174,1,SubClassOf(<http://purl.obolibrary.org/obo/ZFIN_ZDB-GENE-030131-6729> ObjectSomeValuesFrom(<http://purl.obolibrary.org/obo/RO_0002214> ObjectSomeValuesFrom(<http://purl.obolibrary.org/obo/RO_0002217> <http://purl.obolibrary.org/obo/GO_0005509>))),ore_ont_5760.owl,411.27,3.41,34043,36054,31778,32897,32599,32640,173617,33190,1901.23,0,1131.82,157868,33863,5.61,1.28,32145,1,31906,33621
47926,1,SubClassOf(<http://purl.org/obo/owl/GAZ#GAZ_22225194> ObjectSomeValuesFrom(<http://purl.org/obo/owl/obo#located_in> <http://purl.org/obo/owl/GAZ#GAZ_22225187>)),ore_ont_3560.owl,770.26,3.68,50178,47819,47747,44807,48770,47578,382157,48340,1673.75,0,1781.00,10,46734,3.58,1.61,47261,1,46622,48221
43401,1,SubClassOf(<http://sadi-ontology.semanticscience.org#C113941> <http://sadi-ontology.semanticscience.org#D047908>),ore_ont_13355.owl,1101.04,6.28,48700,43984,42606,48099,42940,43790,396047,45746,2433.73,0,2871.35,1,45291,5.37,2.54,44658,1,45575,42965
28530,1,SubClassOf(<http://purl.obolibrary.org/obo/ENSEMBL#_ENSG00000131238> ObjectSomeValuesFrom(<http://purl.obolibrary.org/obo/RO_00022060> <http://purl.obolibrary.org/obo/UBERON_0002367>)),ore_ont_10445.owl,395.50,4.13,27346,27711,28756,29832,28074,29193,442498,26467,1088.06,0,1093.44,106,28912,3.76,1.39,28762,1,25243,26814
90001,1,SubClassOf(<http://phenomebrowser.net/ontologies/mesh/mesh.owl#D020223> <http://phenomebrowser.net/ontologies/mesh/mesh.owl#E01.370.225.500.620.670>),ore_ont_9498.owl,0.00,0.00,Timeout,Timeout,Timeout,Timeout,Timeout,Timeout,432805,90001,0.00,0,0.00,4,90001,0.00,0.00,Timeout,4,Timeout,Timeout
58043,1,SubClassOf(<http://purl.obolibrary.org/obo/RGD_1583848> ObjectSomeValuesFrom(<http://purl.obolibrary.org/obo/RO_0002214> ObjectSomeValuesFrom(<http://purl.obolibrary.org/obo/RO_0002217> <http://purl.obolibrary.org/obo/GO_0046872>))),ore_ont_6233.owl,618.54,4.11,56962,53897,58754,61353,57624,60116,369675,54531,3995.79,0,2242.12,352086,58455,6.84,1.07,57753,1,52544,54088
56752,1,SubClassOf(<http://purl.obolibrary.org/obo/RGD_620474> ObjectSomeValuesFrom(<http://purl.obolibrary.org/obo/RO_0002214> ObjectSomeValuesFrom(<http://purl.obolibrary.org/obo/RO_0002217> <http://purl.obolibrary.org/obo/GO_0007283>))),ore_ont_1306.owl,1696.30,0.29,58164,60764,57918,58435,54806,57783,365568,58361,1567.15,0,171.95,365568,58994,2.66,2.99,57532,1,58479,58441
39724,1,SubClassOf(<http://purl.obolibrary.org/obo/ENSEMBL#_ENSG00000143384> ObjectSomeValuesFrom(<http://purl.obolibrary.org/obo/RO_00022000> <http://purl.obolibrary.org/obo/DOID_8524>)),ore_ont_9794.owl,4563.81,7.14,39313,43535,37544,38285,36659,36901,678470,39632,3499.71,0,2829.02,21,39573,8.84,11.49,44969,1,42607,36976
90001,1,SubClassOf(<http://purl.obolibrary.org/obo/ENSEMBL_ENSMUSG00000029070> <http://purl.obolibrary.org/obo/UBERON_0005946-OMEO-0000001>),ore_ont_11739.owl,0.00,0.00,Timeout,Timeout,Timeout,Timeout,Timeout,Timeout,952087,90001,0.00,0,0.00,3,90001,0.00,0.00,Timeout,3,Timeout,Timeout
90001,1,SubClassOf(<http://purl.obolibrary.org/obo/NCBITaxon_341452> <http://purl.obolibrary.org/obo/NCBITaxon_47181>),ore_ont_16008.owl,0.00,0.00,Timeout,Timeout,Timeout,Timeout,Timeout,Timeout,733098,90001,0.00,0,0.00,2,90001,0.00,0.00,Timeout,2,Timeout,Timeout
74206,1,SubClassOf(<http://purl.obolibrary.org/obo/MGI_MGI%3A2685030> ObjectSomeValuesFrom(<http://purl.obolibrary.org/obo/RO_0002214> ObjectSomeValuesFrom(<http://purl.obolibrary.org/obo/BFO_0000050> <http://purl.obolibrary.org/obo/GO_0016020>))),ore_ont_10750.owl,1067.02,3.93,75384,72253,75374,75980,73282,71535,465506,74182,2386.21,0,2917.99,465506,73256,3.26,1.44,73963,1,70855,76307
74960,1,SubClassOf(<http://purl.obolibrary.org/obo/MGI_MGI%3A1918867> ObjectSomeValuesFrom(<http://purl.obolibrary.org/obo/RO_0002162> <http://purl.obolibrary.org/obo/NCBITaxon_10090>)),ore_ont_1012.owl,2418.36,3.83,75105,71851,73944,72459,77721,76475,499385,74668,2512.61,0,2860.57,499385,73595,3.41,3.23,73216,1,71615,77286
90001,1,SubClassOf(<http://purl.obolibrary.org/obo/NCBITaxon_407342> <http://purl.obolibrary.org/obo/NCBITaxon_49928>),ore_ont_14459.owl,0.00,0.00,Timeout,Timeout,Timeout,Timeout,Timeout,Timeout,847755,90001,0.00,0,0.00,1,90001,0.00,0.00,Timeout,1,Timeout,Timeout
82329,1,SubClassOf(<http://purl.obolibrary.org/obo/GAZ_00041862> ObjectSomeValuesFrom(<http://purl.obolibrary.org/obo/gaz.gazetteer.13.orig#located_in> <http://purl.obolibrary.org/obo/GAZ_00043148>)),ore_ont_14042.owl,5432.73,0.70,82440,85078,84113,83922,86646,84958,652361,82899,635.61,0,581.95,12,84652,0.75,6.60,76229,1,82705,83554
90001,1,SubClassOf(<http://purl.obolibrary.org/obo/NCBITaxon_513429> <http://purl.obolibrary.org/obo/NCBITaxon_49928>),ore_ont_8486.owl,0.00,0.00,Timeout,Timeout,Timeout,Timeout,Timeout,Timeout,903613,90001,0.00,0,0.00,1,90001,0.00,0.00,Timeout,1,Timeout,Timeout
84511,1,SubClassOf(<http://purl.obolibrary.org/obo/UniProtKB_A8MWB4> ObjectSomeValuesFrom(<http://purl.obolibrary.org/obo/RO_0002214> ObjectSomeValuesFrom(<http://purl.obolibrary.org/obo/RO_0002217> <http://purl.obolibrary.org/obo/GO_0005086>))),ore_ont_15280.owl,2515.05,2.00,89364,87361,81987,87690,84530,88049,578412,87372,344.11,0,1746.54,578412,87700,0.39,2.98,87017,1,86651,86102
84792,1,SubClassOf(<http://purl.obolibrary.org/obo/GAZ_00211533> ObjectSomeValuesFrom(<http://purl.obolibrary.org/obo/57dc1631-dc30-4405-8c59-c6af4b1e4221_gaz.obo#partial_overlaps> <http://purl.obolibrary.org/obo/GAZ_22225060>)),ore_ont_11395.owl,4924.59,3.53,79435,88388,84165,85747,80212,88866,652361,82661,1679.86,0,2916.77,96,87667,1.92,5.81,Timeout,1,83436,85112
90001,1,SubClassOf(<http://purl.obolibrary.org/obo/NCBITaxon_1027881> <http://purl.obolibrary.org/obo/NCBITaxon_195997>),ore_ont_10689.owl,0.00,0.00,Timeout,Timeout,Timeout,Timeout,Timeout,Timeout,981144,90001,0.00,0,0.00,1,90001,0.00,0.00,Timeout,1,Timeout,Timeout
90001,1,SubClassOf(<http://purl.obolibrary.org/obo/NCBITaxon_513325> <http://purl.obolibrary.org/obo/NCBITaxon_106841>),ore_ont_9674.owl,0.00,0.00,Timeout,Timeout,Timeout,Timeout,Timeout,Timeout,981144,90001,0.00,0,0.00,1,90001,0.00,0.00,Timeout,1,Timeout,Timeout
90001,1,SubClassOf(<http://purl.obolibrary.org/obo/NCBITaxon_877335> <http://purl.obolibrary.org/obo/NCBITaxon_114727>),ore_ont_868.owl,0.00,0.00,Timeout,Timeout,Timeout,Timeout,Timeout,Timeout,981146,90001,0.00,0,0.00,1,90001,0.00,0.00,Timeout,1,Timeout,Timeout
90001,1,SubClassOf(<http://purl.obolibrary.org/obo/UniProtKB_Q08493> ObjectSomeValuesFrom(<http://purl.obolibrary.org/obo/RO_0002214> ObjectSomeValuesFrom(<http://purl.obolibrary.org/obo/BFO_0000050> <http://purl.obolibrary.org/obo/GO_0005829>))),ore_ont_13482.owl,0.00,2.61,Timeout,Timeout,Timeout,Timeout,Timeout,Timeout,631131,88664,0.00,0,2314.60,586390,90001,0.00,0.00,Timeout,1,Timeout,85992
90001,152,SubClassOf(<http://purl.obolibrary.org/obo/BFO_0000050_some_http://purl.obolibrary.org/obo/GO_0042955> <http://purl.obolibrary.org/obo/BFO_0000050_some_http://www.w3.org/2002/07/owl#Thing>),ore_ont_3524.owl,0.00,0.00,Timeout,Timeout,Timeout,Timeout,Timeout,Timeout,1974320,90001,0.00,6,0.00,58,90001,0.00,0.00,Timeout,8,Timeout,Timeout
77499,1,SubClassOf(<http://purl.obolibrary.org/obo/ENSEMBL#_ENSMUSG00000049106> ObjectSomeValuesFrom(<http://purl.obolibrary.org/obo/RO_0002200> <http://purl.obolibrary.org/obo/UBERON_0001690>)),ore_ont_3836.owl,6789.56,5.31,79814,76133,84637,76762,76738,76733,1869498,75458,355.08,0,4009.73,34,76542,0.46,8.76,71122,1,74639,71921
90001,1,SubClassOf(<http://purl.obolibrary.org/obo/IntAct#_EBI-799867> ObjectSomeValuesFrom(<http://purl.obolibrary.org/obo/SIO_000139> <http://purl.obolibrary.org/obo/UniProt#_P41810>)),ore_ont_1559.owl,0.00,0.00,Timeout,Timeout,Timeout,Timeout,Timeout,Timeout,2249889,90001,0.00,0,0.00,17543,90001,0.00,0.00,Timeout,1,Timeout,Timeout
90001,1,SubClassOf(<http://purl.obolibrary.org/obo/WB_WBGene00006159> ObjectSomeValuesFrom(<http://purl.obolibrary.org/obo/RO_0002158> <http://purl.obolibrary.org/obo/WB_WBGene00006213>)),ore_ont_15059.owl,0.00,0.00,Timeout,Timeout,Timeout,Timeout,Timeout,Timeout,3137899,90001,0.00,0,0.00,16290,90001,0.00,0.00,Timeout,1,Timeout,Timeout
